1,1,0.0014264683333333333,boa-.home.none.Desktop.Java.babygenius2.out.production.babygenius2.ai2019.group18.Bidder-.home.none.Desktop.Java.babygenius2.out.production.babygenius2.ai2019.group18.Acceptor_a_b-negotiator.boaframework.opponentmodel.AgentLGModel-negotiator.boaframework.omstrategy.NTFTstrategy@2,(Offer  bid:Bid[Food: Handmade Food, Drinks: Beer Only, Location: Ballroom, Invitations: Custom, Handmade, Music: DJ, Cleanup: Hired Help])
1,2,0.006523838333333334,SimpleAgent@3,(Offer  bid:Bid[Food: Chips and Nuts, Drinks: Non-Alcoholic, Location: Party Tent, Invitations: Plain, Music: Band, Cleanup: Hired Help])
2,1,0.010165929333333334,boa-.home.none.Desktop.Java.babygenius2.out.production.babygenius2.ai2019.group18.Bidder-.home.none.Desktop.Java.babygenius2.out.production.babygenius2.ai2019.group18.Acceptor_a_b-negotiator.boaframework.opponentmodel.AgentLGModel-negotiator.boaframework.omstrategy.NTFTstrategy@2,(Offer  bid:Bid[Food: Handmade Food, Drinks: Handmade Cocktails, Location: Party Room, Invitations: Plain, Music: DJ, Cleanup: Specialized Materials])
2,2,0.015401408,SimpleAgent@3,(Offer  bid:Bid[Food: Chips and Nuts, Drinks: Non-Alcoholic, Location: Party Tent, Invitations: Plain, Music: Band, Cleanup: Hired Help])
3,1,0.018238197666666667,boa-.home.none.Desktop.Java.babygenius2.out.production.babygenius2.ai2019.group18.Bidder-.home.none.Desktop.Java.babygenius2.out.production.babygenius2.ai2019.group18.Acceptor_a_b-negotiator.boaframework.opponentmodel.AgentLGModel-negotiator.boaframework.omstrategy.NTFTstrategy@2,(Offer  bid:Bid[Food: Catering, Drinks: Beer Only, Location: Ballroom, Invitations: Plain, Music: DJ, Cleanup: Specialized Materials])
3,2,0.022779716666666668,SimpleAgent@3,(Offer  bid:Bid[Food: Chips and Nuts, Drinks: Non-Alcoholic, Location: Party Tent, Invitations: Plain, Music: Band, Cleanup: Hired Help])
4,1,0.023866362000000002,boa-.home.none.Desktop.Java.babygenius2.out.production.babygenius2.ai2019.group18.Bidder-.home.none.Desktop.Java.babygenius2.out.production.babygenius2.ai2019.group18.Acceptor_a_b-negotiator.boaframework.opponentmodel.AgentLGModel-negotiator.boaframework.omstrategy.NTFTstrategy@2,(Offer  bid:Bid[Food: Chips and Nuts, Drinks: Beer Only, Location: Party Tent, Invitations: Custom, Printed, Music: MP3, Cleanup: Specialized Materials])
4,2,0.029255826,SimpleAgent@3,(Offer  bid:Bid[Food: Chips and Nuts, Drinks: Non-Alcoholic, Location: Party Tent, Invitations: Plain, Music: Band, Cleanup: Hired Help])
5,1,0.030165150333333335,boa-.home.none.Desktop.Java.babygenius2.out.production.babygenius2.ai2019.group18.Bidder-.home.none.Desktop.Java.babygenius2.out.production.babygenius2.ai2019.group18.Acceptor_a_b-negotiator.boaframework.opponentmodel.AgentLGModel-negotiator.boaframework.omstrategy.NTFTstrategy@2,(Offer  bid:Bid[Food: Chips and Nuts, Drinks: Beer Only, Location: Party Room, Invitations: Photo, Music: DJ, Cleanup: Hired Help])
5,2,0.033897323666666666,SimpleAgent@3,(Offer  bid:Bid[Food: Chips and Nuts, Drinks: Non-Alcoholic, Location: Party Tent, Invitations: Plain, Music: Band, Cleanup: Hired Help])
6,1,0.034324775333333335,boa-.home.none.Desktop.Java.babygenius2.out.production.babygenius2.ai2019.group18.Bidder-.home.none.Desktop.Java.babygenius2.out.production.babygenius2.ai2019.group18.Acceptor_a_b-negotiator.boaframework.opponentmodel.AgentLGModel-negotiator.boaframework.omstrategy.NTFTstrategy@2,(Offer  bid:Bid[Food: Chips and Nuts, Drinks: Beer Only, Location: Party Room, Invitations: Custom, Printed, Music: DJ, Cleanup: Hired Help])
6,2,0.03711490566666666,SimpleAgent@3,(Offer  bid:Bid[Food: Chips and Nuts, Drinks: Non-Alcoholic, Location: Party Tent, Invitations: Plain, Music: Band, Cleanup: Hired Help])
7,1,0.037540444666666666,boa-.home.none.Desktop.Java.babygenius2.out.production.babygenius2.ai2019.group18.Bidder-.home.none.Desktop.Java.babygenius2.out.production.babygenius2.ai2019.group18.Acceptor_a_b-negotiator.boaframework.opponentmodel.AgentLGModel-negotiator.boaframework.omstrategy.NTFTstrategy@2,(Offer  bid:Bid[Food: Handmade Food, Drinks: Handmade Cocktails, Location: Party Room, Invitations: Custom, Handmade, Music: DJ, Cleanup: Special Equiment])
7,2,0.04551715,SimpleAgent@3,(Offer  bid:Bid[Food: Chips and Nuts, Drinks: Non-Alcoholic, Location: Party Tent, Invitations: Plain, Music: Band, Cleanup: Hired Help])
8,1,0.046252751,boa-.home.none.Desktop.Java.babygenius2.out.production.babygenius2.ai2019.group18.Bidder-.home.none.Desktop.Java.babygenius2.out.production.babygenius2.ai2019.group18.Acceptor_a_b-negotiator.boaframework.opponentmodel.AgentLGModel-negotiator.boaframework.omstrategy.NTFTstrategy@2,(Offer  bid:Bid[Food: Chips and Nuts, Drinks: Beer Only, Location: Party Room, Invitations: Custom, Printed, Music: DJ, Cleanup: Hired Help])
8,2,0.05038122466666667,SimpleAgent@3,(Offer  bid:Bid[Food: Chips and Nuts, Drinks: Non-Alcoholic, Location: Party Tent, Invitations: Plain, Music: Band, Cleanup: Hired Help])
9,1,0.051159356999999996,boa-.home.none.Desktop.Java.babygenius2.out.production.babygenius2.ai2019.group18.Bidder-.home.none.Desktop.Java.babygenius2.out.production.babygenius2.ai2019.group18.Acceptor_a_b-negotiator.boaframework.opponentmodel.AgentLGModel-negotiator.boaframework.omstrategy.NTFTstrategy@2,(Offer  bid:Bid[Food: Chips and Nuts, Drinks: Beer Only, Location: Party Tent, Invitations: Custom, Printed, Music: DJ, Cleanup: Specialized Materials])
9,2,0.05462381733333333,SimpleAgent@3,(Offer  bid:Bid[Food: Chips and Nuts, Drinks: Non-Alcoholic, Location: Party Tent, Invitations: Plain, Music: Band, Cleanup: Hired Help])
10,1,0.055010702,boa-.home.none.Desktop.Java.babygenius2.out.production.babygenius2.ai2019.group18.Bidder-.home.none.Desktop.Java.babygenius2.out.production.babygenius2.ai2019.group18.Acceptor_a_b-negotiator.boaframework.opponentmodel.AgentLGModel-negotiator.boaframework.omstrategy.NTFTstrategy@2,(Offer  bid:Bid[Food: Chips and Nuts, Drinks: Handmade Cocktails, Location: Party Room, Invitations: Custom, Printed, Music: DJ, Cleanup: Specialized Materials])
10,2,0.05821551,SimpleAgent@3,(Offer  bid:Bid[Food: Chips and Nuts, Drinks: Non-Alcoholic, Location: Party Tent, Invitations: Plain, Music: Band, Cleanup: Hired Help])
11,1,0.058651784000000005,boa-.home.none.Desktop.Java.babygenius2.out.production.babygenius2.ai2019.group18.Bidder-.home.none.Desktop.Java.babygenius2.out.production.babygenius2.ai2019.group18.Acceptor_a_b-negotiator.boaframework.opponentmodel.AgentLGModel-negotiator.boaframework.omstrategy.NTFTstrategy@2,(Offer  bid:Bid[Food: Chips and Nuts, Drinks: Beer Only, Location: Ballroom, Invitations: Photo, Music: MP3, Cleanup: Specialized Materials])
11,2,0.06708188,SimpleAgent@3,(Offer  bid:Bid[Food: Chips and Nuts, Drinks: Non-Alcoholic, Location: Party Tent, Invitations: Plain, Music: Band, Cleanup: Hired Help])
12,1,0.06745234233333333,boa-.home.none.Desktop.Java.babygenius2.out.production.babygenius2.ai2019.group18.Bidder-.home.none.Desktop.Java.babygenius2.out.production.babygenius2.ai2019.group18.Acceptor_a_b-negotiator.boaframework.opponentmodel.AgentLGModel-negotiator.boaframework.omstrategy.NTFTstrategy@2,(Offer  bid:Bid[Food: Handmade Food, Drinks: Beer Only, Location: Ballroom, Invitations: Photo, Music: DJ, Cleanup: Hired Help])
12,2,0.07045448833333333,SimpleAgent@3,(Offer  bid:Bid[Food: Chips and Nuts, Drinks: Non-Alcoholic, Location: Party Tent, Invitations: Plain, Music: Band, Cleanup: Hired Help])
13,1,0.07190612166666667,boa-.home.none.Desktop.Java.babygenius2.out.production.babygenius2.ai2019.group18.Bidder-.home.none.Desktop.Java.babygenius2.out.production.babygenius2.ai2019.group18.Acceptor_a_b-negotiator.boaframework.opponentmodel.AgentLGModel-negotiator.boaframework.omstrategy.NTFTstrategy@2,(Offer  bid:Bid[Food: Chips and Nuts, Drinks: Beer Only, Location: Ballroom, Invitations: Custom, Handmade, Music: Band, Cleanup: Specialized Materials])
13,2,0.07654277266666666,SimpleAgent@3,(Offer  bid:Bid[Food: Chips and Nuts, Drinks: Non-Alcoholic, Location: Party Tent, Invitations: Plain, Music: Band, Cleanup: Hired Help])
14,1,0.07810314733333333,boa-.home.none.Desktop.Java.babygenius2.out.production.babygenius2.ai2019.group18.Bidder-.home.none.Desktop.Java.babygenius2.out.production.babygenius2.ai2019.group18.Acceptor_a_b-negotiator.boaframework.opponentmodel.AgentLGModel-negotiator.boaframework.omstrategy.NTFTstrategy@2,(Offer  bid:Bid[Food: Handmade Food, Drinks: Handmade Cocktails, Location: Party Room, Invitations: Custom, Printed, Music: DJ, Cleanup: Specialized Materials])
14,2,0.08255973933333334,SimpleAgent@3,(Offer  bid:Bid[Food: Chips and Nuts, Drinks: Non-Alcoholic, Location: Party Tent, Invitations: Plain, Music: Band, Cleanup: Hired Help])
15,1,0.08404161733333333,boa-.home.none.Desktop.Java.babygenius2.out.production.babygenius2.ai2019.group18.Bidder-.home.none.Desktop.Java.babygenius2.out.production.babygenius2.ai2019.group18.Acceptor_a_b-negotiator.boaframework.opponentmodel.AgentLGModel-negotiator.boaframework.omstrategy.NTFTstrategy@2,(Offer  bid:Bid[Food: Chips and Nuts, Drinks: Beer Only, Location: Ballroom, Invitations: Custom, Handmade, Music: MP3, Cleanup: Specialized Materials])
15,2,0.089757747,SimpleAgent@3,(Offer  bid:Bid[Food: Chips and Nuts, Drinks: Non-Alcoholic, Location: Party Tent, Invitations: Plain, Music: Band, Cleanup: Hired Help])
16,1,0.090347652,boa-.home.none.Desktop.Java.babygenius2.out.production.babygenius2.ai2019.group18.Bidder-.home.none.Desktop.Java.babygenius2.out.production.babygenius2.ai2019.group18.Acceptor_a_b-negotiator.boaframework.opponentmodel.AgentLGModel-negotiator.boaframework.omstrategy.NTFTstrategy@2,(Offer  bid:Bid[Food: Chips and Nuts, Drinks: Handmade Cocktails, Location: Ballroom, Invitations: Custom, Printed, Music: DJ, Cleanup: Water and Soap])
16,2,0.09926205066666667,SimpleAgent@3,(Offer  bid:Bid[Food: Chips and Nuts, Drinks: Non-Alcoholic, Location: Party Tent, Invitations: Plain, Music: Band, Cleanup: Hired Help])
17,1,0.10027135433333334,boa-.home.none.Desktop.Java.babygenius2.out.production.babygenius2.ai2019.group18.Bidder-.home.none.Desktop.Java.babygenius2.out.production.babygenius2.ai2019.group18.Acceptor_a_b-negotiator.boaframework.opponentmodel.AgentLGModel-negotiator.boaframework.omstrategy.NTFTstrategy@2,(Offer  bid:Bid[Food: Handmade Food, Drinks: Beer Only, Location: Party Room, Invitations: Photo, Music: MP3, Cleanup: Hired Help])
17,2,0.10492213066666667,SimpleAgent@3,(Offer  bid:Bid[Food: Chips and Nuts, Drinks: Non-Alcoholic, Location: Party Tent, Invitations: Plain, Music: Band, Cleanup: Hired Help])
18,1,0.11335502466666668,boa-.home.none.Desktop.Java.babygenius2.out.production.babygenius2.ai2019.group18.Bidder-.home.none.Desktop.Java.babygenius2.out.production.babygenius2.ai2019.group18.Acceptor_a_b-negotiator.boaframework.opponentmodel.AgentLGModel-negotiator.boaframework.omstrategy.NTFTstrategy@2,(Offer  bid:Bid[Food: Handmade Food, Drinks: Beer Only, Location: Party Room, Invitations: Plain, Music: DJ, Cleanup: Special Equiment])
18,2,0.12024028266666666,SimpleAgent@3,(Offer  bid:Bid[Food: Chips and Nuts, Drinks: Non-Alcoholic, Location: Party Tent, Invitations: Plain, Music: Band, Cleanup: Hired Help])
19,1,0.12285246133333333,boa-.home.none.Desktop.Java.babygenius2.out.production.babygenius2.ai2019.group18.Bidder-.home.none.Desktop.Java.babygenius2.out.production.babygenius2.ai2019.group18.Acceptor_a_b-negotiator.boaframework.opponentmodel.AgentLGModel-negotiator.boaframework.omstrategy.NTFTstrategy@2,(Offer  bid:Bid[Food: Chips and Nuts, Drinks: Beer Only, Location: Party Tent, Invitations: Custom, Handmade, Music: DJ, Cleanup: Hired Help])
19,2,0.12842291733333333,SimpleAgent@3,(Offer  bid:Bid[Food: Chips and Nuts, Drinks: Non-Alcoholic, Location: Party Tent, Invitations: Plain, Music: Band, Cleanup: Hired Help])
20,1,0.12886575766666666,boa-.home.none.Desktop.Java.babygenius2.out.production.babygenius2.ai2019.group18.Bidder-.home.none.Desktop.Java.babygenius2.out.production.babygenius2.ai2019.group18.Acceptor_a_b-negotiator.boaframework.opponentmodel.AgentLGModel-negotiator.boaframework.omstrategy.NTFTstrategy@2,(Offer  bid:Bid[Food: Chips and Nuts, Drinks: Beer Only, Location: Ballroom, Invitations: Plain, Music: DJ, Cleanup: Specialized Materials])
20,2,0.13572960633333334,SimpleAgent@3,(Offer  bid:Bid[Food: Chips and Nuts, Drinks: Non-Alcoholic, Location: Party Tent, Invitations: Plain, Music: Band, Cleanup: Hired Help])
21,1,0.136540068,boa-.home.none.Desktop.Java.babygenius2.out.production.babygenius2.ai2019.group18.Bidder-.home.none.Desktop.Java.babygenius2.out.production.babygenius2.ai2019.group18.Acceptor_a_b-negotiator.boaframework.opponentmodel.AgentLGModel-negotiator.boaframework.omstrategy.NTFTstrategy@2,(Offer  bid:Bid[Food: Chips and Nuts, Drinks: Beer Only, Location: Ballroom, Invitations: Custom, Handmade, Music: MP3, Cleanup: Water and Soap])
21,2,0.14327904033333333,SimpleAgent@3,(Offer  bid:Bid[Food: Chips and Nuts, Drinks: Non-Alcoholic, Location: Party Tent, Invitations: Plain, Music: Band, Cleanup: Hired Help])
22,1,0.144094804,boa-.home.none.Desktop.Java.babygenius2.out.production.babygenius2.ai2019.group18.Bidder-.home.none.Desktop.Java.babygenius2.out.production.babygenius2.ai2019.group18.Acceptor_a_b-negotiator.boaframework.opponentmodel.AgentLGModel-negotiator.boaframework.omstrategy.NTFTstrategy@2,(Offer  bid:Bid[Food: Chips and Nuts, Drinks: Handmade Cocktails, Location: Party Room, Invitations: Plain, Music: DJ, Cleanup: Hired Help])
22,2,0.14940287766666668,SimpleAgent@3,(Offer  bid:Bid[Food: Chips and Nuts, Drinks: Non-Alcoholic, Location: Party Tent, Invitations: Plain, Music: Band, Cleanup: Hired Help])
23,1,0.150113642,boa-.home.none.Desktop.Java.babygenius2.out.production.babygenius2.ai2019.group18.Bidder-.home.none.Desktop.Java.babygenius2.out.production.babygenius2.ai2019.group18.Acceptor_a_b-negotiator.boaframework.opponentmodel.AgentLGModel-negotiator.boaframework.omstrategy.NTFTstrategy@2,(Offer  bid:Bid[Food: Catering, Drinks: Beer Only, Location: Party Room, Invitations: Custom, Handmade, Music: MP3, Cleanup: Water and Soap])
23,2,0.155069315,SimpleAgent@3,(Offer  bid:Bid[Food: Chips and Nuts, Drinks: Non-Alcoholic, Location: Party Tent, Invitations: Plain, Music: Band, Cleanup: Hired Help])
24,1,0.15918216366666668,boa-.home.none.Desktop.Java.babygenius2.out.production.babygenius2.ai2019.group18.Bidder-.home.none.Desktop.Java.babygenius2.out.production.babygenius2.ai2019.group18.Acceptor_a_b-negotiator.boaframework.opponentmodel.AgentLGModel-negotiator.boaframework.omstrategy.NTFTstrategy@2,(Offer  bid:Bid[Food: Chips and Nuts, Drinks: Handmade Cocktails, Location: Party Room, Invitations: Photo, Music: MP3, Cleanup: Water and Soap])
24,2,0.165673487,SimpleAgent@3,(Offer  bid:Bid[Food: Chips and Nuts, Drinks: Non-Alcoholic, Location: Party Tent, Invitations: Plain, Music: Band, Cleanup: Hired Help])
25,1,0.16783179566666664,boa-.home.none.Desktop.Java.babygenius2.out.production.babygenius2.ai2019.group18.Bidder-.home.none.Desktop.Java.babygenius2.out.production.babygenius2.ai2019.group18.Acceptor_a_b-negotiator.boaframework.opponentmodel.AgentLGModel-negotiator.boaframework.omstrategy.NTFTstrategy@2,(Offer  bid:Bid[Food: Chips and Nuts, Drinks: Beer Only, Location: Party Tent, Invitations: Custom, Handmade, Music: DJ, Cleanup: Special Equiment])
25,2,0.17111395433333332,SimpleAgent@3,(Offer  bid:Bid[Food: Chips and Nuts, Drinks: Non-Alcoholic, Location: Party Tent, Invitations: Plain, Music: Band, Cleanup: Hired Help])
26,1,0.17156643800000002,boa-.home.none.Desktop.Java.babygenius2.out.production.babygenius2.ai2019.group18.Bidder-.home.none.Desktop.Java.babygenius2.out.production.babygenius2.ai2019.group18.Acceptor_a_b-negotiator.boaframework.opponentmodel.AgentLGModel-negotiator.boaframework.omstrategy.NTFTstrategy@2,(Offer  bid:Bid[Food: Chips and Nuts, Drinks: Beer Only, Location: Party Room, Invitations: Photo, Music: DJ, Cleanup: Special Equiment])
26,2,0.17731398733333334,SimpleAgent@3,(Offer  bid:Bid[Food: Chips and Nuts, Drinks: Non-Alcoholic, Location: Party Tent, Invitations: Plain, Music: Band, Cleanup: Hired Help])
27,1,0.17815820100000002,boa-.home.none.Desktop.Java.babygenius2.out.production.babygenius2.ai2019.group18.Bidder-.home.none.Desktop.Java.babygenius2.out.production.babygenius2.ai2019.group18.Acceptor_a_b-negotiator.boaframework.opponentmodel.AgentLGModel-negotiator.boaframework.omstrategy.NTFTstrategy@2,(Offer  bid:Bid[Food: Chips and Nuts, Drinks: Beer Only, Location: Ballroom, Invitations: Plain, Music: DJ, Cleanup: Specialized Materials])
27,2,0.18142676700000002,SimpleAgent@3,(Offer  bid:Bid[Food: Chips and Nuts, Drinks: Non-Alcoholic, Location: Party Tent, Invitations: Plain, Music: Band, Cleanup: Hired Help])
28,1,0.18347856766666668,boa-.home.none.Desktop.Java.babygenius2.out.production.babygenius2.ai2019.group18.Bidder-.home.none.Desktop.Java.babygenius2.out.production.babygenius2.ai2019.group18.Acceptor_a_b-negotiator.boaframework.opponentmodel.AgentLGModel-negotiator.boaframework.omstrategy.NTFTstrategy@2,(Offer  bid:Bid[Food: Finger-Food, Drinks: Beer Only, Location: Party Tent, Invitations: Custom, Printed, Music: DJ, Cleanup: Specialized Materials])
28,2,0.19254423666666667,SimpleAgent@3,(Offer  bid:Bid[Food: Chips and Nuts, Drinks: Non-Alcoholic, Location: Party Tent, Invitations: Plain, Music: Band, Cleanup: Hired Help])
29,1,0.19721624333333332,boa-.home.none.Desktop.Java.babygenius2.out.production.babygenius2.ai2019.group18.Bidder-.home.none.Desktop.Java.babygenius2.out.production.babygenius2.ai2019.group18.Acceptor_a_b-negotiator.boaframework.opponentmodel.AgentLGModel-negotiator.boaframework.omstrategy.NTFTstrategy@2,(Offer  bid:Bid[Food: Chips and Nuts, Drinks: Beer Only, Location: Ballroom, Invitations: Custom, Handmade, Music: DJ, Cleanup: Hired Help])
29,2,0.20403010200000002,SimpleAgent@3,(Offer  bid:Bid[Food: Chips and Nuts, Drinks: Non-Alcoholic, Location: Party Tent, Invitations: Plain, Music: Band, Cleanup: Hired Help])
30,1,0.2064843816666667,boa-.home.none.Desktop.Java.babygenius2.out.production.babygenius2.ai2019.group18.Bidder-.home.none.Desktop.Java.babygenius2.out.production.babygenius2.ai2019.group18.Acceptor_a_b-negotiator.boaframework.opponentmodel.AgentLGModel-negotiator.boaframework.omstrategy.NTFTstrategy@2,(Offer  bid:Bid[Food: Chips and Nuts, Drinks: Beer Only, Location: Party Tent, Invitations: Photo, Music: DJ, Cleanup: Specialized Materials])
30,2,0.21037094,SimpleAgent@3,(Offer  bid:Bid[Food: Chips and Nuts, Drinks: Non-Alcoholic, Location: Party Tent, Invitations: Plain, Music: Band, Cleanup: Hired Help])
31,1,0.21215821966666668,boa-.home.none.Desktop.Java.babygenius2.out.production.babygenius2.ai2019.group18.Bidder-.home.none.Desktop.Java.babygenius2.out.production.babygenius2.ai2019.group18.Acceptor_a_b-negotiator.boaframework.opponentmodel.AgentLGModel-negotiator.boaframework.omstrategy.NTFTstrategy@2,(Offer  bid:Bid[Food: Finger-Food, Drinks: Handmade Cocktails, Location: Party Room, Invitations: Photo, Music: DJ, Cleanup: Specialized Materials])
31,2,0.21818275166666667,SimpleAgent@3,(Offer  bid:Bid[Food: Chips and Nuts, Drinks: Non-Alcoholic, Location: Party Tent, Invitations: Plain, Music: Band, Cleanup: Hired Help])
32,1,0.21893332333333335,boa-.home.none.Desktop.Java.babygenius2.out.production.babygenius2.ai2019.group18.Bidder-.home.none.Desktop.Java.babygenius2.out.production.babygenius2.ai2019.group18.Acceptor_a_b-negotiator.boaframework.opponentmodel.AgentLGModel-negotiator.boaframework.omstrategy.NTFTstrategy@2,(Offer  bid:Bid[Food: Chips and Nuts, Drinks: Beer Only, Location: Your Dorm, Invitations: Custom, Handmade, Music: DJ, Cleanup: Special Equiment])
32,2,0.22518443866666668,SimpleAgent@3,(Offer  bid:Bid[Food: Chips and Nuts, Drinks: Non-Alcoholic, Location: Party Tent, Invitations: Plain, Music: Band, Cleanup: Hired Help])
33,1,0.22712685066666669,boa-.home.none.Desktop.Java.babygenius2.out.production.babygenius2.ai2019.group18.Bidder-.home.none.Desktop.Java.babygenius2.out.production.babygenius2.ai2019.group18.Acceptor_a_b-negotiator.boaframework.opponentmodel.AgentLGModel-negotiator.boaframework.omstrategy.NTFTstrategy@2,(Offer  bid:Bid[Food: Catering, Drinks: Beer Only, Location: Party Room, Invitations: Custom, Printed, Music: DJ, Cleanup: Specialized Materials])
33,2,0.23325356566666666,SimpleAgent@3,(Offer  bid:Bid[Food: Chips and Nuts, Drinks: Non-Alcoholic, Location: Party Tent, Invitations: Plain, Music: Band, Cleanup: Hired Help])
34,1,0.23418243733333333,boa-.home.none.Desktop.Java.babygenius2.out.production.babygenius2.ai2019.group18.Bidder-.home.none.Desktop.Java.babygenius2.out.production.babygenius2.ai2019.group18.Acceptor_a_b-negotiator.boaframework.opponentmodel.AgentLGModel-negotiator.boaframework.omstrategy.NTFTstrategy@2,(Offer  bid:Bid[Food: Handmade Food, Drinks: Beer Only, Location: Party Room, Invitations: Photo, Music: MP3, Cleanup: Specialized Materials])
34,2,0.24116336666666668,SimpleAgent@3,(Offer  bid:Bid[Food: Chips and Nuts, Drinks: Non-Alcoholic, Location: Party Tent, Invitations: Plain, Music: Band, Cleanup: Hired Help])
35,1,0.241563126,boa-.home.none.Desktop.Java.babygenius2.out.production.babygenius2.ai2019.group18.Bidder-.home.none.Desktop.Java.babygenius2.out.production.babygenius2.ai2019.group18.Acceptor_a_b-negotiator.boaframework.opponentmodel.AgentLGModel-negotiator.boaframework.omstrategy.NTFTstrategy@2,(Offer  bid:Bid[Food: Handmade Food, Drinks: Beer Only, Location: Ballroom, Invitations: Plain, Music: MP3, Cleanup: Specialized Materials])
35,2,0.245709568,SimpleAgent@3,(Offer  bid:Bid[Food: Chips and Nuts, Drinks: Non-Alcoholic, Location: Party Tent, Invitations: Plain, Music: Band, Cleanup: Hired Help])
36,1,0.246169832,boa-.home.none.Desktop.Java.babygenius2.out.production.babygenius2.ai2019.group18.Bidder-.home.none.Desktop.Java.babygenius2.out.production.babygenius2.ai2019.group18.Acceptor_a_b-negotiator.boaframework.opponentmodel.AgentLGModel-negotiator.boaframework.omstrategy.NTFTstrategy@2,(Offer  bid:Bid[Food: Chips and Nuts, Drinks: Beer Only, Location: Party Room, Invitations: Plain, Music: DJ, Cleanup: Special Equiment])
36,2,0.251136522,SimpleAgent@3,(Offer  bid:Bid[Food: Chips and Nuts, Drinks: Non-Alcoholic, Location: Party Tent, Invitations: Plain, Music: Band, Cleanup: Hired Help])
37,1,0.25193620466666666,boa-.home.none.Desktop.Java.babygenius2.out.production.babygenius2.ai2019.group18.Bidder-.home.none.Desktop.Java.babygenius2.out.production.babygenius2.ai2019.group18.Acceptor_a_b-negotiator.boaframework.opponentmodel.AgentLGModel-negotiator.boaframework.omstrategy.NTFTstrategy@2,(Offer  bid:Bid[Food: Handmade Food, Drinks: Handmade Cocktails, Location: Ballroom, Invitations: Photo, Music: DJ, Cleanup: Specialized Materials])
37,2,0.2576056433333333,SimpleAgent@3,(Offer  bid:Bid[Food: Chips and Nuts, Drinks: Non-Alcoholic, Location: Party Tent, Invitations: Plain, Music: Band, Cleanup: Hired Help])
38,1,0.257869905,boa-.home.none.Desktop.Java.babygenius2.out.production.babygenius2.ai2019.group18.Bidder-.home.none.Desktop.Java.babygenius2.out.production.babygenius2.ai2019.group18.Acceptor_a_b-negotiator.boaframework.opponentmodel.AgentLGModel-negotiator.boaframework.omstrategy.NTFTstrategy@2,(Offer  bid:Bid[Food: Chips and Nuts, Drinks: Beer Only, Location: Party Room, Invitations: Custom, Printed, Music: MP3, Cleanup: Specialized Materials])
38,2,0.26250671166666667,SimpleAgent@3,(Offer  bid:Bid[Food: Chips and Nuts, Drinks: Non-Alcoholic, Location: Party Tent, Invitations: Plain, Music: Band, Cleanup: Hired Help])
39,1,0.2629459436666667,boa-.home.none.Desktop.Java.babygenius2.out.production.babygenius2.ai2019.group18.Bidder-.home.none.Desktop.Java.babygenius2.out.production.babygenius2.ai2019.group18.Acceptor_a_b-negotiator.boaframework.opponentmodel.AgentLGModel-negotiator.boaframework.omstrategy.NTFTstrategy@2,(Offer  bid:Bid[Food: Chips and Nuts, Drinks: Handmade Cocktails, Location: Ballroom, Invitations: Custom, Handmade, Music: MP3, Cleanup: Specialized Materials])
39,2,0.269095053,SimpleAgent@3,(Offer  bid:Bid[Food: Chips and Nuts, Drinks: Non-Alcoholic, Location: Party Tent, Invitations: Plain, Music: Band, Cleanup: Hired Help])
40,1,0.2707933953333333,boa-.home.none.Desktop.Java.babygenius2.out.production.babygenius2.ai2019.group18.Bidder-.home.none.Desktop.Java.babygenius2.out.production.babygenius2.ai2019.group18.Acceptor_a_b-negotiator.boaframework.opponentmodel.AgentLGModel-negotiator.boaframework.omstrategy.NTFTstrategy@2,(Offer  bid:Bid[Food: Chips and Nuts, Drinks: Beer Only, Location: Party Room, Invitations: Custom, Printed, Music: DJ, Cleanup: Hired Help])
40,2,0.27457413466666664,SimpleAgent@3,(Offer  bid:Bid[Food: Chips and Nuts, Drinks: Non-Alcoholic, Location: Party Tent, Invitations: Plain, Music: Band, Cleanup: Hired Help])
41,1,0.275194492,boa-.home.none.Desktop.Java.babygenius2.out.production.babygenius2.ai2019.group18.Bidder-.home.none.Desktop.Java.babygenius2.out.production.babygenius2.ai2019.group18.Acceptor_a_b-negotiator.boaframework.opponentmodel.AgentLGModel-negotiator.boaframework.omstrategy.NTFTstrategy@2,(Offer  bid:Bid[Food: Chips and Nuts, Drinks: Beer Only, Location: Party Room, Invitations: Photo, Music: MP3, Cleanup: Specialized Materials])
41,2,0.28011353899999997,SimpleAgent@3,(Offer  bid:Bid[Food: Chips and Nuts, Drinks: Non-Alcoholic, Location: Party Tent, Invitations: Plain, Music: Band, Cleanup: Hired Help])
42,1,0.28156012166666666,boa-.home.none.Desktop.Java.babygenius2.out.production.babygenius2.ai2019.group18.Bidder-.home.none.Desktop.Java.babygenius2.out.production.babygenius2.ai2019.group18.Acceptor_a_b-negotiator.boaframework.opponentmodel.AgentLGModel-negotiator.boaframework.omstrategy.NTFTstrategy@2,(Offer  bid:Bid[Food: Chips and Nuts, Drinks: Beer Only, Location: Party Room, Invitations: Custom, Printed, Music: DJ, Cleanup: Hired Help])
42,2,0.2842203863333333,SimpleAgent@3,(Offer  bid:Bid[Food: Chips and Nuts, Drinks: Handmade Cocktails, Location: Party Tent, Invitations: Plain, Music: Band, Cleanup: Hired Help])
43,1,0.2856127023333333,boa-.home.none.Desktop.Java.babygenius2.out.production.babygenius2.ai2019.group18.Bidder-.home.none.Desktop.Java.babygenius2.out.production.babygenius2.ai2019.group18.Acceptor_a_b-negotiator.boaframework.opponentmodel.AgentLGModel-negotiator.boaframework.omstrategy.NTFTstrategy@2,(Offer  bid:Bid[Food: Chips and Nuts, Drinks: Beer Only, Location: Your Dorm, Invitations: Photo, Music: DJ, Cleanup: Water and Soap])
43,2,0.2905125006666667,SimpleAgent@3,(Offer  bid:Bid[Food: Chips and Nuts, Drinks: Handmade Cocktails, Location: Party Tent, Invitations: Plain, Music: Band, Cleanup: Hired Help])
44,1,0.292133992,boa-.home.none.Desktop.Java.babygenius2.out.production.babygenius2.ai2019.group18.Bidder-.home.none.Desktop.Java.babygenius2.out.production.babygenius2.ai2019.group18.Acceptor_a_b-negotiator.boaframework.opponentmodel.AgentLGModel-negotiator.boaframework.omstrategy.NTFTstrategy@2,(Offer  bid:Bid[Food: Chips and Nuts, Drinks: Beer Only, Location: Your Dorm, Invitations: Photo, Music: DJ, Cleanup: Water and Soap])
44,2,0.295606192,SimpleAgent@3,(Offer  bid:Bid[Food: Chips and Nuts, Drinks: Handmade Cocktails, Location: Party Tent, Invitations: Plain, Music: Band, Cleanup: Hired Help])
45,1,0.29662521233333333,boa-.home.none.Desktop.Java.babygenius2.out.production.babygenius2.ai2019.group18.Bidder-.home.none.Desktop.Java.babygenius2.out.production.babygenius2.ai2019.group18.Acceptor_a_b-negotiator.boaframework.opponentmodel.AgentLGModel-negotiator.boaframework.omstrategy.NTFTstrategy@2,(Offer  bid:Bid[Food: Chips and Nuts, Drinks: Beer Only, Location: Your Dorm, Invitations: Photo, Music: DJ, Cleanup: Water and Soap])
45,2,0.2986242516666667,SimpleAgent@3,(Offer  bid:Bid[Food: Chips and Nuts, Drinks: Handmade Cocktails, Location: Party Tent, Invitations: Plain, Music: Band, Cleanup: Hired Help])
46,1,0.306810502,boa-.home.none.Desktop.Java.babygenius2.out.production.babygenius2.ai2019.group18.Bidder-.home.none.Desktop.Java.babygenius2.out.production.babygenius2.ai2019.group18.Acceptor_a_b-negotiator.boaframework.opponentmodel.AgentLGModel-negotiator.boaframework.omstrategy.NTFTstrategy@2,(Offer  bid:Bid[Food: Chips and Nuts, Drinks: Beer Only, Location: Your Dorm, Invitations: Photo, Music: DJ, Cleanup: Water and Soap])
46,2,0.30999310266666663,SimpleAgent@3,(Offer  bid:Bid[Food: Chips and Nuts, Drinks: Handmade Cocktails, Location: Party Tent, Invitations: Plain, Music: Band, Cleanup: Hired Help])
47,1,0.31663063233333333,boa-.home.none.Desktop.Java.babygenius2.out.production.babygenius2.ai2019.group18.Bidder-.home.none.Desktop.Java.babygenius2.out.production.babygenius2.ai2019.group18.Acceptor_a_b-negotiator.boaframework.opponentmodel.AgentLGModel-negotiator.boaframework.omstrategy.NTFTstrategy@2,(Offer  bid:Bid[Food: Chips and Nuts, Drinks: Beer Only, Location: Your Dorm, Invitations: Photo, Music: DJ, Cleanup: Water and Soap])
47,2,0.32173034066666667,SimpleAgent@3,(Offer  bid:Bid[Food: Chips and Nuts, Drinks: Handmade Cocktails, Location: Party Tent, Invitations: Plain, Music: Band, Cleanup: Hired Help])
48,1,0.32243521533333336,boa-.home.none.Desktop.Java.babygenius2.out.production.babygenius2.ai2019.group18.Bidder-.home.none.Desktop.Java.babygenius2.out.production.babygenius2.ai2019.group18.Acceptor_a_b-negotiator.boaframework.opponentmodel.AgentLGModel-negotiator.boaframework.omstrategy.NTFTstrategy@2,(Offer  bid:Bid[Food: Chips and Nuts, Drinks: Beer Only, Location: Your Dorm, Invitations: Photo, Music: DJ, Cleanup: Water and Soap])
48,2,0.32664675666666665,SimpleAgent@3,(Offer  bid:Bid[Food: Chips and Nuts, Drinks: Handmade Cocktails, Location: Party Tent, Invitations: Plain, Music: Band, Cleanup: Hired Help])
49,1,0.32785742766666665,boa-.home.none.Desktop.Java.babygenius2.out.production.babygenius2.ai2019.group18.Bidder-.home.none.Desktop.Java.babygenius2.out.production.babygenius2.ai2019.group18.Acceptor_a_b-negotiator.boaframework.opponentmodel.AgentLGModel-negotiator.boaframework.omstrategy.NTFTstrategy@2,(Offer  bid:Bid[Food: Chips and Nuts, Drinks: Beer Only, Location: Your Dorm, Invitations: Photo, Music: DJ, Cleanup: Water and Soap])
49,2,0.333023646,SimpleAgent@3,(Offer  bid:Bid[Food: Chips and Nuts, Drinks: Handmade Cocktails, Location: Party Tent, Invitations: Plain, Music: Band, Cleanup: Hired Help])
50,1,0.3361959643333334,boa-.home.none.Desktop.Java.babygenius2.out.production.babygenius2.ai2019.group18.Bidder-.home.none.Desktop.Java.babygenius2.out.production.babygenius2.ai2019.group18.Acceptor_a_b-negotiator.boaframework.opponentmodel.AgentLGModel-negotiator.boaframework.omstrategy.NTFTstrategy@2,(Offer  bid:Bid[Food: Chips and Nuts, Drinks: Beer Only, Location: Your Dorm, Invitations: Photo, Music: DJ, Cleanup: Water and Soap])
50,2,0.3391296793333333,SimpleAgent@3,(Offer  bid:Bid[Food: Chips and Nuts, Drinks: Handmade Cocktails, Location: Party Tent, Invitations: Plain, Music: Band, Cleanup: Hired Help])
51,1,0.340039771,boa-.home.none.Desktop.Java.babygenius2.out.production.babygenius2.ai2019.group18.Bidder-.home.none.Desktop.Java.babygenius2.out.production.babygenius2.ai2019.group18.Acceptor_a_b-negotiator.boaframework.opponentmodel.AgentLGModel-negotiator.boaframework.omstrategy.NTFTstrategy@2,(Offer  bid:Bid[Food: Chips and Nuts, Drinks: Beer Only, Location: Your Dorm, Invitations: Photo, Music: DJ, Cleanup: Water and Soap])
51,2,0.343972004,SimpleAgent@3,(Offer  bid:Bid[Food: Chips and Nuts, Drinks: Handmade Cocktails, Location: Party Tent, Invitations: Plain, Music: Band, Cleanup: Hired Help])
52,1,0.34476274900000003,boa-.home.none.Desktop.Java.babygenius2.out.production.babygenius2.ai2019.group18.Bidder-.home.none.Desktop.Java.babygenius2.out.production.babygenius2.ai2019.group18.Acceptor_a_b-negotiator.boaframework.opponentmodel.AgentLGModel-negotiator.boaframework.omstrategy.NTFTstrategy@2,(Offer  bid:Bid[Food: Chips and Nuts, Drinks: Beer Only, Location: Your Dorm, Invitations: Photo, Music: DJ, Cleanup: Water and Soap])
52,2,0.347843587,SimpleAgent@3,(Offer  bid:Bid[Food: Chips and Nuts, Drinks: Handmade Cocktails, Location: Party Tent, Invitations: Plain, Music: Band, Cleanup: Hired Help])
53,1,0.3501792613333334,boa-.home.none.Desktop.Java.babygenius2.out.production.babygenius2.ai2019.group18.Bidder-.home.none.Desktop.Java.babygenius2.out.production.babygenius2.ai2019.group18.Acceptor_a_b-negotiator.boaframework.opponentmodel.AgentLGModel-negotiator.boaframework.omstrategy.NTFTstrategy@2,(Offer  bid:Bid[Food: Chips and Nuts, Drinks: Beer Only, Location: Your Dorm, Invitations: Photo, Music: DJ, Cleanup: Water and Soap])
53,2,0.35237805333333333,SimpleAgent@3,(Offer  bid:Bid[Food: Chips and Nuts, Drinks: Handmade Cocktails, Location: Party Tent, Invitations: Plain, Music: Band, Cleanup: Hired Help])
54,1,0.35702424366666663,boa-.home.none.Desktop.Java.babygenius2.out.production.babygenius2.ai2019.group18.Bidder-.home.none.Desktop.Java.babygenius2.out.production.babygenius2.ai2019.group18.Acceptor_a_b-negotiator.boaframework.opponentmodel.AgentLGModel-negotiator.boaframework.omstrategy.NTFTstrategy@2,(Offer  bid:Bid[Food: Chips and Nuts, Drinks: Beer Only, Location: Your Dorm, Invitations: Photo, Music: DJ, Cleanup: Water and Soap])
54,2,0.36287754299999997,SimpleAgent@3,(Offer  bid:Bid[Food: Chips and Nuts, Drinks: Handmade Cocktails, Location: Party Tent, Invitations: Plain, Music: Band, Cleanup: Hired Help])
55,1,0.36657809466666663,boa-.home.none.Desktop.Java.babygenius2.out.production.babygenius2.ai2019.group18.Bidder-.home.none.Desktop.Java.babygenius2.out.production.babygenius2.ai2019.group18.Acceptor_a_b-negotiator.boaframework.opponentmodel.AgentLGModel-negotiator.boaframework.omstrategy.NTFTstrategy@2,(Offer  bid:Bid[Food: Chips and Nuts, Drinks: Beer Only, Location: Your Dorm, Invitations: Photo, Music: DJ, Cleanup: Water and Soap])
55,2,0.36979109299999996,SimpleAgent@3,(Offer  bid:Bid[Food: Chips and Nuts, Drinks: Handmade Cocktails, Location: Party Tent, Invitations: Plain, Music: Band, Cleanup: Hired Help])
56,1,0.3739099776666666,boa-.home.none.Desktop.Java.babygenius2.out.production.babygenius2.ai2019.group18.Bidder-.home.none.Desktop.Java.babygenius2.out.production.babygenius2.ai2019.group18.Acceptor_a_b-negotiator.boaframework.opponentmodel.AgentLGModel-negotiator.boaframework.omstrategy.NTFTstrategy@2,(Offer  bid:Bid[Food: Chips and Nuts, Drinks: Beer Only, Location: Your Dorm, Invitations: Photo, Music: DJ, Cleanup: Water and Soap])
56,2,0.376269283,SimpleAgent@3,(Offer  bid:Bid[Food: Chips and Nuts, Drinks: Handmade Cocktails, Location: Party Tent, Invitations: Plain, Music: Band, Cleanup: Hired Help])
57,1,0.37811414233333335,boa-.home.none.Desktop.Java.babygenius2.out.production.babygenius2.ai2019.group18.Bidder-.home.none.Desktop.Java.babygenius2.out.production.babygenius2.ai2019.group18.Acceptor_a_b-negotiator.boaframework.opponentmodel.AgentLGModel-negotiator.boaframework.omstrategy.NTFTstrategy@2,(Offer  bid:Bid[Food: Chips and Nuts, Drinks: Beer Only, Location: Your Dorm, Invitations: Photo, Music: DJ, Cleanup: Water and Soap])
57,2,0.37902036766666664,SimpleAgent@3,(Offer  bid:Bid[Food: Chips and Nuts, Drinks: Handmade Cocktails, Location: Party Tent, Invitations: Custom, Printed, Music: Band, Cleanup: Hired Help])
58,1,0.379619746,boa-.home.none.Desktop.Java.babygenius2.out.production.babygenius2.ai2019.group18.Bidder-.home.none.Desktop.Java.babygenius2.out.production.babygenius2.ai2019.group18.Acceptor_a_b-negotiator.boaframework.opponentmodel.AgentLGModel-negotiator.boaframework.omstrategy.NTFTstrategy@2,(Offer  bid:Bid[Food: Chips and Nuts, Drinks: Beer Only, Location: Your Dorm, Invitations: Photo, Music: DJ, Cleanup: Water and Soap])
58,2,0.381994041,SimpleAgent@3,(Offer  bid:Bid[Food: Chips and Nuts, Drinks: Handmade Cocktails, Location: Party Tent, Invitations: Custom, Printed, Music: Band, Cleanup: Hired Help])
59,1,0.3829069086666667,boa-.home.none.Desktop.Java.babygenius2.out.production.babygenius2.ai2019.group18.Bidder-.home.none.Desktop.Java.babygenius2.out.production.babygenius2.ai2019.group18.Acceptor_a_b-negotiator.boaframework.opponentmodel.AgentLGModel-negotiator.boaframework.omstrategy.NTFTstrategy@2,(Offer  bid:Bid[Food: Chips and Nuts, Drinks: Beer Only, Location: Your Dorm, Invitations: Photo, Music: DJ, Cleanup: Water and Soap])
59,2,0.3850291556666667,SimpleAgent@3,(Offer  bid:Bid[Food: Chips and Nuts, Drinks: Handmade Cocktails, Location: Party Tent, Invitations: Custom, Printed, Music: Band, Cleanup: Hired Help])
60,1,0.38551716233333333,boa-.home.none.Desktop.Java.babygenius2.out.production.babygenius2.ai2019.group18.Bidder-.home.none.Desktop.Java.babygenius2.out.production.babygenius2.ai2019.group18.Acceptor_a_b-negotiator.boaframework.opponentmodel.AgentLGModel-negotiator.boaframework.omstrategy.NTFTstrategy@2,(Offer  bid:Bid[Food: Chips and Nuts, Drinks: Beer Only, Location: Your Dorm, Invitations: Photo, Music: DJ, Cleanup: Water and Soap])
60,2,0.3884675336666667,SimpleAgent@3,(Offer  bid:Bid[Food: Chips and Nuts, Drinks: Handmade Cocktails, Location: Party Tent, Invitations: Custom, Printed, Music: Band, Cleanup: Hired Help])
61,1,0.38893456833333334,boa-.home.none.Desktop.Java.babygenius2.out.production.babygenius2.ai2019.group18.Bidder-.home.none.Desktop.Java.babygenius2.out.production.babygenius2.ai2019.group18.Acceptor_a_b-negotiator.boaframework.opponentmodel.AgentLGModel-negotiator.boaframework.omstrategy.NTFTstrategy@2,(Offer  bid:Bid[Food: Chips and Nuts, Drinks: Beer Only, Location: Your Dorm, Invitations: Photo, Music: DJ, Cleanup: Water and Soap])
61,2,0.39083061733333335,SimpleAgent@3,(Offer  bid:Bid[Food: Chips and Nuts, Drinks: Handmade Cocktails, Location: Party Tent, Invitations: Custom, Printed, Music: Band, Cleanup: Hired Help])
62,1,0.3915598106666667,boa-.home.none.Desktop.Java.babygenius2.out.production.babygenius2.ai2019.group18.Bidder-.home.none.Desktop.Java.babygenius2.out.production.babygenius2.ai2019.group18.Acceptor_a_b-negotiator.boaframework.opponentmodel.AgentLGModel-negotiator.boaframework.omstrategy.NTFTstrategy@2,(Offer  bid:Bid[Food: Chips and Nuts, Drinks: Beer Only, Location: Your Dorm, Invitations: Photo, Music: DJ, Cleanup: Water and Soap])
62,2,0.39356982999999995,SimpleAgent@3,(Offer  bid:Bid[Food: Chips and Nuts, Drinks: Handmade Cocktails, Location: Party Tent, Invitations: Custom, Printed, Music: Band, Cleanup: Hired Help])
63,1,0.394828659,boa-.home.none.Desktop.Java.babygenius2.out.production.babygenius2.ai2019.group18.Bidder-.home.none.Desktop.Java.babygenius2.out.production.babygenius2.ai2019.group18.Acceptor_a_b-negotiator.boaframework.opponentmodel.AgentLGModel-negotiator.boaframework.omstrategy.NTFTstrategy@2,(Offer  bid:Bid[Food: Chips and Nuts, Drinks: Beer Only, Location: Your Dorm, Invitations: Photo, Music: DJ, Cleanup: Water and Soap])
63,2,0.39728955633333335,SimpleAgent@3,(Offer  bid:Bid[Food: Chips and Nuts, Drinks: Handmade Cocktails, Location: Party Tent, Invitations: Custom, Printed, Music: Band, Cleanup: Hired Help])
64,1,0.3977559526666667,boa-.home.none.Desktop.Java.babygenius2.out.production.babygenius2.ai2019.group18.Bidder-.home.none.Desktop.Java.babygenius2.out.production.babygenius2.ai2019.group18.Acceptor_a_b-negotiator.boaframework.opponentmodel.AgentLGModel-negotiator.boaframework.omstrategy.NTFTstrategy@2,(Offer  bid:Bid[Food: Chips and Nuts, Drinks: Beer Only, Location: Your Dorm, Invitations: Photo, Music: DJ, Cleanup: Water and Soap])
64,2,0.39927429366666667,SimpleAgent@3,(Offer  bid:Bid[Food: Chips and Nuts, Drinks: Handmade Cocktails, Location: Party Tent, Invitations: Custom, Printed, Music: Band, Cleanup: Hired Help])
65,1,0.39967814533333335,boa-.home.none.Desktop.Java.babygenius2.out.production.babygenius2.ai2019.group18.Bidder-.home.none.Desktop.Java.babygenius2.out.production.babygenius2.ai2019.group18.Acceptor_a_b-negotiator.boaframework.opponentmodel.AgentLGModel-negotiator.boaframework.omstrategy.NTFTstrategy@2,(Offer  bid:Bid[Food: Chips and Nuts, Drinks: Beer Only, Location: Your Dorm, Invitations: Photo, Music: DJ, Cleanup: Water and Soap])
65,2,0.4011881683333333,SimpleAgent@3,(Offer  bid:Bid[Food: Chips and Nuts, Drinks: Handmade Cocktails, Location: Party Tent, Invitations: Plain, Music: MP3, Cleanup: Hired Help])
66,1,0.401609445,boa-.home.none.Desktop.Java.babygenius2.out.production.babygenius2.ai2019.group18.Bidder-.home.none.Desktop.Java.babygenius2.out.production.babygenius2.ai2019.group18.Acceptor_a_b-negotiator.boaframework.opponentmodel.AgentLGModel-negotiator.boaframework.omstrategy.NTFTstrategy@2,(Offer  bid:Bid[Food: Chips and Nuts, Drinks: Beer Only, Location: Your Dorm, Invitations: Photo, Music: DJ, Cleanup: Water and Soap])
66,2,0.4043070066666667,SimpleAgent@3,(Offer  bid:Bid[Food: Chips and Nuts, Drinks: Handmade Cocktails, Location: Party Tent, Invitations: Plain, Music: MP3, Cleanup: Hired Help])
67,1,0.40539680733333333,boa-.home.none.Desktop.Java.babygenius2.out.production.babygenius2.ai2019.group18.Bidder-.home.none.Desktop.Java.babygenius2.out.production.babygenius2.ai2019.group18.Acceptor_a_b-negotiator.boaframework.opponentmodel.AgentLGModel-negotiator.boaframework.omstrategy.NTFTstrategy@2,(Offer  bid:Bid[Food: Chips and Nuts, Drinks: Beer Only, Location: Your Dorm, Invitations: Photo, Music: DJ, Cleanup: Water and Soap])
67,2,0.4075276083333333,SimpleAgent@3,(Offer  bid:Bid[Food: Chips and Nuts, Drinks: Handmade Cocktails, Location: Party Tent, Invitations: Plain, Music: MP3, Cleanup: Hired Help])
68,1,0.40797421666666667,boa-.home.none.Desktop.Java.babygenius2.out.production.babygenius2.ai2019.group18.Bidder-.home.none.Desktop.Java.babygenius2.out.production.babygenius2.ai2019.group18.Acceptor_a_b-negotiator.boaframework.opponentmodel.AgentLGModel-negotiator.boaframework.omstrategy.NTFTstrategy@2,(Offer  bid:Bid[Food: Chips and Nuts, Drinks: Beer Only, Location: Your Dorm, Invitations: Photo, Music: DJ, Cleanup: Water and Soap])
68,2,0.41075840366666666,SimpleAgent@3,(Offer  bid:Bid[Food: Chips and Nuts, Drinks: Handmade Cocktails, Location: Party Tent, Invitations: Plain, Music: MP3, Cleanup: Hired Help])
69,1,0.41138378699999995,boa-.home.none.Desktop.Java.babygenius2.out.production.babygenius2.ai2019.group18.Bidder-.home.none.Desktop.Java.babygenius2.out.production.babygenius2.ai2019.group18.Acceptor_a_b-negotiator.boaframework.opponentmodel.AgentLGModel-negotiator.boaframework.omstrategy.NTFTstrategy@2,(Offer  bid:Bid[Food: Chips and Nuts, Drinks: Beer Only, Location: Your Dorm, Invitations: Photo, Music: DJ, Cleanup: Water and Soap])
69,2,0.41452077833333334,SimpleAgent@3,(Offer  bid:Bid[Food: Chips and Nuts, Drinks: Handmade Cocktails, Location: Party Tent, Invitations: Plain, Music: MP3, Cleanup: Hired Help])
70,1,0.415153497,boa-.home.none.Desktop.Java.babygenius2.out.production.babygenius2.ai2019.group18.Bidder-.home.none.Desktop.Java.babygenius2.out.production.babygenius2.ai2019.group18.Acceptor_a_b-negotiator.boaframework.opponentmodel.AgentLGModel-negotiator.boaframework.omstrategy.NTFTstrategy@2,(Offer  bid:Bid[Food: Chips and Nuts, Drinks: Beer Only, Location: Your Dorm, Invitations: Photo, Music: DJ, Cleanup: Water and Soap])
70,2,0.4176212023333334,SimpleAgent@3,(Offer  bid:Bid[Food: Chips and Nuts, Drinks: Handmade Cocktails, Location: Party Tent, Invitations: Plain, Music: MP3, Cleanup: Hired Help])
71,1,0.42223553333333336,boa-.home.none.Desktop.Java.babygenius2.out.production.babygenius2.ai2019.group18.Bidder-.home.none.Desktop.Java.babygenius2.out.production.babygenius2.ai2019.group18.Acceptor_a_b-negotiator.boaframework.opponentmodel.AgentLGModel-negotiator.boaframework.omstrategy.NTFTstrategy@2,(Offer  bid:Bid[Food: Chips and Nuts, Drinks: Beer Only, Location: Your Dorm, Invitations: Photo, Music: DJ, Cleanup: Water and Soap])
71,2,0.42483382866666664,SimpleAgent@3,(Offer  bid:Bid[Food: Chips and Nuts, Drinks: Handmade Cocktails, Location: Party Tent, Invitations: Plain, Music: MP3, Cleanup: Hired Help])
72,1,0.42667784266666664,boa-.home.none.Desktop.Java.babygenius2.out.production.babygenius2.ai2019.group18.Bidder-.home.none.Desktop.Java.babygenius2.out.production.babygenius2.ai2019.group18.Acceptor_a_b-negotiator.boaframework.opponentmodel.AgentLGModel-negotiator.boaframework.omstrategy.NTFTstrategy@2,(Offer  bid:Bid[Food: Chips and Nuts, Drinks: Beer Only, Location: Your Dorm, Invitations: Photo, Music: DJ, Cleanup: Water and Soap])
72,2,0.42836048899999996,SimpleAgent@3,(Offer  bid:Bid[Food: Chips and Nuts, Drinks: Handmade Cocktails, Location: Party Tent, Invitations: Plain, Music: MP3, Cleanup: Hired Help])
73,1,0.42954562133333335,boa-.home.none.Desktop.Java.babygenius2.out.production.babygenius2.ai2019.group18.Bidder-.home.none.Desktop.Java.babygenius2.out.production.babygenius2.ai2019.group18.Acceptor_a_b-negotiator.boaframework.opponentmodel.AgentLGModel-negotiator.boaframework.omstrategy.NTFTstrategy@2,(Offer  bid:Bid[Food: Chips and Nuts, Drinks: Beer Only, Location: Your Dorm, Invitations: Photo, Music: DJ, Cleanup: Water and Soap])
73,2,0.4335599193333333,SimpleAgent@3,(Offer  bid:Bid[Food: Chips and Nuts, Drinks: Handmade Cocktails, Location: Party Tent, Invitations: Plain, Music: MP3, Cleanup: Hired Help])
74,1,0.4399333273333333,boa-.home.none.Desktop.Java.babygenius2.out.production.babygenius2.ai2019.group18.Bidder-.home.none.Desktop.Java.babygenius2.out.production.babygenius2.ai2019.group18.Acceptor_a_b-negotiator.boaframework.opponentmodel.AgentLGModel-negotiator.boaframework.omstrategy.NTFTstrategy@2,(Offer  bid:Bid[Food: Chips and Nuts, Drinks: Beer Only, Location: Your Dorm, Invitations: Photo, Music: DJ, Cleanup: Water and Soap])
74,2,0.4455677146666666,SimpleAgent@3,(Offer  bid:Bid[Food: Chips and Nuts, Drinks: Handmade Cocktails, Location: Ballroom, Invitations: Plain, Music: Band, Cleanup: Hired Help])
75,1,0.4461031516666667,boa-.home.none.Desktop.Java.babygenius2.out.production.babygenius2.ai2019.group18.Bidder-.home.none.Desktop.Java.babygenius2.out.production.babygenius2.ai2019.group18.Acceptor_a_b-negotiator.boaframework.opponentmodel.AgentLGModel-negotiator.boaframework.omstrategy.NTFTstrategy@2,(Offer  bid:Bid[Food: Chips and Nuts, Drinks: Beer Only, Location: Your Dorm, Invitations: Photo, Music: DJ, Cleanup: Water and Soap])
75,2,0.44863564833333336,SimpleAgent@3,(Offer  bid:Bid[Food: Chips and Nuts, Drinks: Handmade Cocktails, Location: Ballroom, Invitations: Plain, Music: Band, Cleanup: Hired Help])
76,1,0.45205925399999997,boa-.home.none.Desktop.Java.babygenius2.out.production.babygenius2.ai2019.group18.Bidder-.home.none.Desktop.Java.babygenius2.out.production.babygenius2.ai2019.group18.Acceptor_a_b-negotiator.boaframework.opponentmodel.AgentLGModel-negotiator.boaframework.omstrategy.NTFTstrategy@2,(Offer  bid:Bid[Food: Chips and Nuts, Drinks: Beer Only, Location: Your Dorm, Invitations: Photo, Music: DJ, Cleanup: Water and Soap])
76,2,0.45472738900000004,SimpleAgent@3,(Offer  bid:Bid[Food: Chips and Nuts, Drinks: Handmade Cocktails, Location: Party Tent, Invitations: Photo, Music: Band, Cleanup: Hired Help])
77,1,0.46023613466666663,boa-.home.none.Desktop.Java.babygenius2.out.production.babygenius2.ai2019.group18.Bidder-.home.none.Desktop.Java.babygenius2.out.production.babygenius2.ai2019.group18.Acceptor_a_b-negotiator.boaframework.opponentmodel.AgentLGModel-negotiator.boaframework.omstrategy.NTFTstrategy@2,(Offer  bid:Bid[Food: Chips and Nuts, Drinks: Beer Only, Location: Your Dorm, Invitations: Photo, Music: DJ, Cleanup: Water and Soap])
77,2,0.4662792866666667,SimpleAgent@3,(Offer  bid:Bid[Food: Chips and Nuts, Drinks: Handmade Cocktails, Location: Party Tent, Invitations: Photo, Music: Band, Cleanup: Hired Help])
78,1,0.4692128283333334,boa-.home.none.Desktop.Java.babygenius2.out.production.babygenius2.ai2019.group18.Bidder-.home.none.Desktop.Java.babygenius2.out.production.babygenius2.ai2019.group18.Acceptor_a_b-negotiator.boaframework.opponentmodel.AgentLGModel-negotiator.boaframework.omstrategy.NTFTstrategy@2,(Offer  bid:Bid[Food: Chips and Nuts, Drinks: Beer Only, Location: Your Dorm, Invitations: Photo, Music: DJ, Cleanup: Water and Soap])
78,2,0.471346286,SimpleAgent@3,(Offer  bid:Bid[Food: Chips and Nuts, Drinks: Handmade Cocktails, Location: Party Tent, Invitations: Photo, Music: Band, Cleanup: Hired Help])
79,1,0.47206511433333337,boa-.home.none.Desktop.Java.babygenius2.out.production.babygenius2.ai2019.group18.Bidder-.home.none.Desktop.Java.babygenius2.out.production.babygenius2.ai2019.group18.Acceptor_a_b-negotiator.boaframework.opponentmodel.AgentLGModel-negotiator.boaframework.omstrategy.NTFTstrategy@2,(Offer  bid:Bid[Food: Chips and Nuts, Drinks: Beer Only, Location: Your Dorm, Invitations: Photo, Music: DJ, Cleanup: Water and Soap])
79,2,0.47313396999999996,SimpleAgent@3,(Offer  bid:Bid[Food: Chips and Nuts, Drinks: Handmade Cocktails, Location: Party Tent, Invitations: Photo, Music: Band, Cleanup: Hired Help])
80,1,0.47443254166666665,boa-.home.none.Desktop.Java.babygenius2.out.production.babygenius2.ai2019.group18.Bidder-.home.none.Desktop.Java.babygenius2.out.production.babygenius2.ai2019.group18.Acceptor_a_b-negotiator.boaframework.opponentmodel.AgentLGModel-negotiator.boaframework.omstrategy.NTFTstrategy@2,(Offer  bid:Bid[Food: Chips and Nuts, Drinks: Beer Only, Location: Your Dorm, Invitations: Photo, Music: DJ, Cleanup: Water and Soap])
80,2,0.4754389266666667,SimpleAgent@3,(Offer  bid:Bid[Food: Chips and Nuts, Drinks: Handmade Cocktails, Location: Party Tent, Invitations: Photo, Music: Band, Cleanup: Hired Help])
81,1,0.4771853986666667,boa-.home.none.Desktop.Java.babygenius2.out.production.babygenius2.ai2019.group18.Bidder-.home.none.Desktop.Java.babygenius2.out.production.babygenius2.ai2019.group18.Acceptor_a_b-negotiator.boaframework.opponentmodel.AgentLGModel-negotiator.boaframework.omstrategy.NTFTstrategy@2,(Offer  bid:Bid[Food: Chips and Nuts, Drinks: Beer Only, Location: Your Dorm, Invitations: Photo, Music: DJ, Cleanup: Water and Soap])
81,2,0.47996928,SimpleAgent@3,(Offer  bid:Bid[Food: Chips and Nuts, Drinks: Handmade Cocktails, Location: Party Tent, Invitations: Photo, Music: Band, Cleanup: Hired Help])
82,1,0.4830965543333334,boa-.home.none.Desktop.Java.babygenius2.out.production.babygenius2.ai2019.group18.Bidder-.home.none.Desktop.Java.babygenius2.out.production.babygenius2.ai2019.group18.Acceptor_a_b-negotiator.boaframework.opponentmodel.AgentLGModel-negotiator.boaframework.omstrategy.NTFTstrategy@2,(Offer  bid:Bid[Food: Chips and Nuts, Drinks: Beer Only, Location: Your Dorm, Invitations: Photo, Music: DJ, Cleanup: Water and Soap])
82,2,0.4851767126666667,SimpleAgent@3,(Offer  bid:Bid[Food: Chips and Nuts, Drinks: Handmade Cocktails, Location: Party Tent, Invitations: Photo, Music: Band, Cleanup: Hired Help])
83,1,0.4891995056666667,boa-.home.none.Desktop.Java.babygenius2.out.production.babygenius2.ai2019.group18.Bidder-.home.none.Desktop.Java.babygenius2.out.production.babygenius2.ai2019.group18.Acceptor_a_b-negotiator.boaframework.opponentmodel.AgentLGModel-negotiator.boaframework.omstrategy.NTFTstrategy@2,(Offer  bid:Bid[Food: Chips and Nuts, Drinks: Beer Only, Location: Your Dorm, Invitations: Photo, Music: DJ, Cleanup: Water and Soap])
83,2,0.49372007700000003,SimpleAgent@3,(Offer  bid:Bid[Food: Chips and Nuts, Drinks: Handmade Cocktails, Location: Party Tent, Invitations: Photo, Music: Band, Cleanup: Hired Help])
84,1,0.49452241766666666,boa-.home.none.Desktop.Java.babygenius2.out.production.babygenius2.ai2019.group18.Bidder-.home.none.Desktop.Java.babygenius2.out.production.babygenius2.ai2019.group18.Acceptor_a_b-negotiator.boaframework.opponentmodel.AgentLGModel-negotiator.boaframework.omstrategy.NTFTstrategy@2,(Offer  bid:Bid[Food: Chips and Nuts, Drinks: Beer Only, Location: Your Dorm, Invitations: Photo, Music: DJ, Cleanup: Water and Soap])
84,2,0.4967247506666667,SimpleAgent@3,(Offer  bid:Bid[Food: Chips and Nuts, Drinks: Handmade Cocktails, Location: Party Tent, Invitations: Plain, Music: Band, Cleanup: Special Equiment])
85,1,0.4985082296666667,boa-.home.none.Desktop.Java.babygenius2.out.production.babygenius2.ai2019.group18.Bidder-.home.none.Desktop.Java.babygenius2.out.production.babygenius2.ai2019.group18.Acceptor_a_b-negotiator.boaframework.opponentmodel.AgentLGModel-negotiator.boaframework.omstrategy.NTFTstrategy@2,(Offer  bid:Bid[Food: Chips and Nuts, Drinks: Beer Only, Location: Your Dorm, Invitations: Photo, Music: DJ, Cleanup: Water and Soap])
85,2,0.5006169946666666,SimpleAgent@3,(Offer  bid:Bid[Food: Chips and Nuts, Drinks: Handmade Cocktails, Location: Party Tent, Invitations: Custom, Handmade, Music: Band, Cleanup: Hired Help])
86,1,0.5026022726666667,boa-.home.none.Desktop.Java.babygenius2.out.production.babygenius2.ai2019.group18.Bidder-.home.none.Desktop.Java.babygenius2.out.production.babygenius2.ai2019.group18.Acceptor_a_b-negotiator.boaframework.opponentmodel.AgentLGModel-negotiator.boaframework.omstrategy.NTFTstrategy@2,(Offer  bid:Bid[Food: Chips and Nuts, Drinks: Beer Only, Location: Party Tent, Invitations: Custom, Printed, Music: DJ, Cleanup: Hired Help])
86,2,0.505436661,SimpleAgent@3,(Offer  bid:Bid[Food: Chips and Nuts, Drinks: Handmade Cocktails, Location: Party Tent, Invitations: Custom, Handmade, Music: Band, Cleanup: Hired Help])
87,1,0.5078801723333334,boa-.home.none.Desktop.Java.babygenius2.out.production.babygenius2.ai2019.group18.Bidder-.home.none.Desktop.Java.babygenius2.out.production.babygenius2.ai2019.group18.Acceptor_a_b-negotiator.boaframework.opponentmodel.AgentLGModel-negotiator.boaframework.omstrategy.NTFTstrategy@2,(Offer  bid:Bid[Food: Chips and Nuts, Drinks: Beer Only, Location: Party Tent, Invitations: Custom, Printed, Music: DJ, Cleanup: Hired Help])
87,2,0.5126847096666667,SimpleAgent@3,(Offer  bid:Bid[Food: Chips and Nuts, Drinks: Handmade Cocktails, Location: Party Tent, Invitations: Custom, Handmade, Music: Band, Cleanup: Hired Help])
88,1,0.5169902543333333,boa-.home.none.Desktop.Java.babygenius2.out.production.babygenius2.ai2019.group18.Bidder-.home.none.Desktop.Java.babygenius2.out.production.babygenius2.ai2019.group18.Acceptor_a_b-negotiator.boaframework.opponentmodel.AgentLGModel-negotiator.boaframework.omstrategy.NTFTstrategy@2,(Offer  bid:Bid[Food: Chips and Nuts, Drinks: Beer Only, Location: Party Tent, Invitations: Custom, Printed, Music: DJ, Cleanup: Hired Help])
88,2,0.5215262526666666,SimpleAgent@3,(Offer  bid:Bid[Food: Chips and Nuts, Drinks: Handmade Cocktails, Location: Party Tent, Invitations: Custom, Handmade, Music: Band, Cleanup: Hired Help])
89,1,0.522319876,boa-.home.none.Desktop.Java.babygenius2.out.production.babygenius2.ai2019.group18.Bidder-.home.none.Desktop.Java.babygenius2.out.production.babygenius2.ai2019.group18.Acceptor_a_b-negotiator.boaframework.opponentmodel.AgentLGModel-negotiator.boaframework.omstrategy.NTFTstrategy@2,(Offer  bid:Bid[Food: Chips and Nuts, Drinks: Beer Only, Location: Party Tent, Invitations: Custom, Printed, Music: DJ, Cleanup: Hired Help])
89,2,0.5243152096666667,SimpleAgent@3,(Offer  bid:Bid[Food: Chips and Nuts, Drinks: Handmade Cocktails, Location: Party Tent, Invitations: Custom, Printed, Music: MP3, Cleanup: Hired Help])
90,1,0.525678278,boa-.home.none.Desktop.Java.babygenius2.out.production.babygenius2.ai2019.group18.Bidder-.home.none.Desktop.Java.babygenius2.out.production.babygenius2.ai2019.group18.Acceptor_a_b-negotiator.boaframework.opponentmodel.AgentLGModel-negotiator.boaframework.omstrategy.NTFTstrategy@2,(Offer  bid:Bid[Food: Chips and Nuts, Drinks: Beer Only, Location: Party Tent, Invitations: Custom, Printed, Music: DJ, Cleanup: Special Equiment])
90,2,0.5299250096666667,SimpleAgent@3,(Offer  bid:Bid[Food: Chips and Nuts, Drinks: Handmade Cocktails, Location: Party Tent, Invitations: Custom, Printed, Music: MP3, Cleanup: Hired Help])
91,1,0.531304423,boa-.home.none.Desktop.Java.babygenius2.out.production.babygenius2.ai2019.group18.Bidder-.home.none.Desktop.Java.babygenius2.out.production.babygenius2.ai2019.group18.Acceptor_a_b-negotiator.boaframework.opponentmodel.AgentLGModel-negotiator.boaframework.omstrategy.NTFTstrategy@2,(Offer  bid:Bid[Food: Chips and Nuts, Drinks: Beer Only, Location: Party Tent, Invitations: Custom, Printed, Music: DJ, Cleanup: Special Equiment])
91,2,0.5365882546666666,SimpleAgent@3,(Offer  bid:Bid[Food: Chips and Nuts, Drinks: Handmade Cocktails, Location: Ballroom, Invitations: Custom, Printed, Music: Band, Cleanup: Hired Help])
92,1,0.5373371960000001,boa-.home.none.Desktop.Java.babygenius2.out.production.babygenius2.ai2019.group18.Bidder-.home.none.Desktop.Java.babygenius2.out.production.babygenius2.ai2019.group18.Acceptor_a_b-negotiator.boaframework.opponentmodel.AgentLGModel-negotiator.boaframework.omstrategy.NTFTstrategy@2,(Offer  bid:Bid[Food: Chips and Nuts, Drinks: Beer Only, Location: Party Tent, Invitations: Custom, Printed, Music: DJ, Cleanup: Special Equiment])
92,2,0.539183198,SimpleAgent@3,(Offer  bid:Bid[Food: Chips and Nuts, Drinks: Handmade Cocktails, Location: Ballroom, Invitations: Plain, Music: MP3, Cleanup: Hired Help])
93,1,0.5395200216666667,boa-.home.none.Desktop.Java.babygenius2.out.production.babygenius2.ai2019.group18.Bidder-.home.none.Desktop.Java.babygenius2.out.production.babygenius2.ai2019.group18.Acceptor_a_b-negotiator.boaframework.opponentmodel.AgentLGModel-negotiator.boaframework.omstrategy.NTFTstrategy@2,(Offer  bid:Bid[Food: Chips and Nuts, Drinks: Beer Only, Location: Party Tent, Invitations: Custom, Printed, Music: DJ, Cleanup: Special Equiment])
93,2,0.5415336896666666,SimpleAgent@3,(Offer  bid:Bid[Food: Chips and Nuts, Drinks: Handmade Cocktails, Location: Ballroom, Invitations: Plain, Music: MP3, Cleanup: Hired Help])
94,1,0.5448109793333333,boa-.home.none.Desktop.Java.babygenius2.out.production.babygenius2.ai2019.group18.Bidder-.home.none.Desktop.Java.babygenius2.out.production.babygenius2.ai2019.group18.Acceptor_a_b-negotiator.boaframework.opponentmodel.AgentLGModel-negotiator.boaframework.omstrategy.NTFTstrategy@2,(Offer  bid:Bid[Food: Chips and Nuts, Drinks: Beer Only, Location: Party Tent, Invitations: Custom, Printed, Music: DJ, Cleanup: Special Equiment])
94,2,0.5492209736666667,SimpleAgent@3,(Offer  bid:Bid[Food: Chips and Nuts, Drinks: Handmade Cocktails, Location: Party Tent, Invitations: Custom, Printed, Music: Band, Cleanup: Special Equiment])
95,1,0.551414562,boa-.home.none.Desktop.Java.babygenius2.out.production.babygenius2.ai2019.group18.Bidder-.home.none.Desktop.Java.babygenius2.out.production.babygenius2.ai2019.group18.Acceptor_a_b-negotiator.boaframework.opponentmodel.AgentLGModel-negotiator.boaframework.omstrategy.NTFTstrategy@2,(Offer  bid:Bid[Food: Chips and Nuts, Drinks: Catering, Location: Party Room, Invitations: Custom, Handmade, Music: DJ, Cleanup: Specialized Materials])
95,2,0.5550011783333334,SimpleAgent@3,(Offer  bid:Bid[Food: Chips and Nuts, Drinks: Handmade Cocktails, Location: Party Tent, Invitations: Photo, Music: MP3, Cleanup: Hired Help])
96,1,0.5564556133333333,boa-.home.none.Desktop.Java.babygenius2.out.production.babygenius2.ai2019.group18.Bidder-.home.none.Desktop.Java.babygenius2.out.production.babygenius2.ai2019.group18.Acceptor_a_b-negotiator.boaframework.opponentmodel.AgentLGModel-negotiator.boaframework.omstrategy.NTFTstrategy@2,(Offer  bid:Bid[Food: Chips and Nuts, Drinks: Beer Only, Location: Ballroom, Invitations: Photo, Music: Band, Cleanup: Specialized Materials])
96,2,0.560045486,SimpleAgent@3,(Offer  bid:Bid[Food: Chips and Nuts, Drinks: Handmade Cocktails, Location: Party Tent, Invitations: Photo, Music: MP3, Cleanup: Hired Help])
97,1,0.5627581676666666,boa-.home.none.Desktop.Java.babygenius2.out.production.babygenius2.ai2019.group18.Bidder-.home.none.Desktop.Java.babygenius2.out.production.babygenius2.ai2019.group18.Acceptor_a_b-negotiator.boaframework.opponentmodel.AgentLGModel-negotiator.boaframework.omstrategy.NTFTstrategy@2,(Offer  bid:Bid[Food: Chips and Nuts, Drinks: Beer Only, Location: Ballroom, Invitations: Photo, Music: Band, Cleanup: Specialized Materials])
97,2,0.5667782326666667,SimpleAgent@3,(Offer  bid:Bid[Food: Chips and Nuts, Drinks: Handmade Cocktails, Location: Party Tent, Invitations: Photo, Music: MP3, Cleanup: Hired Help])
98,1,0.568320421,boa-.home.none.Desktop.Java.babygenius2.out.production.babygenius2.ai2019.group18.Bidder-.home.none.Desktop.Java.babygenius2.out.production.babygenius2.ai2019.group18.Acceptor_a_b-negotiator.boaframework.opponentmodel.AgentLGModel-negotiator.boaframework.omstrategy.NTFTstrategy@2,(Offer  bid:Bid[Food: Chips and Nuts, Drinks: Beer Only, Location: Ballroom, Invitations: Photo, Music: Band, Cleanup: Specialized Materials])
98,2,0.5731000556666667,SimpleAgent@3,(Offer  bid:Bid[Food: Chips and Nuts, Drinks: Handmade Cocktails, Location: Ballroom, Invitations: Photo, Music: Band, Cleanup: Hired Help])
99,1,0.57564846,boa-.home.none.Desktop.Java.babygenius2.out.production.babygenius2.ai2019.group18.Bidder-.home.none.Desktop.Java.babygenius2.out.production.babygenius2.ai2019.group18.Acceptor_a_b-negotiator.boaframework.opponentmodel.AgentLGModel-negotiator.boaframework.omstrategy.NTFTstrategy@2,(Offer  bid:Bid[Food: Chips and Nuts, Drinks: Non-Alcoholic, Location: Party Room, Invitations: Custom, Handmade, Music: DJ, Cleanup: Specialized Materials])
99,2,0.5880505423333333,SimpleAgent@3,(Offer  bid:Bid[Food: Chips and Nuts, Drinks: Non-Alcoholic, Location: Ballroom, Invitations: Photo, Music: DJ, Cleanup: Hired Help])
100,1,0.5909694866666667,boa-.home.none.Desktop.Java.babygenius2.out.production.babygenius2.ai2019.group18.Bidder-.home.none.Desktop.Java.babygenius2.out.production.babygenius2.ai2019.group18.Acceptor_a_b-negotiator.boaframework.opponentmodel.AgentLGModel-negotiator.boaframework.omstrategy.NTFTstrategy@2,(Offer  bid:Bid[Food: Chips and Nuts, Drinks: Beer Only, Location: Party Room, Invitations: Custom, Printed, Music: Band, Cleanup: Water and Soap])
100,2,0.5970302256666666,SimpleAgent@3,(Offer  bid:Bid[Food: Chips and Nuts, Drinks: Handmade Cocktails, Location: Ballroom, Invitations: Plain, Music: MP3, Cleanup: Hired Help])
101,1,0.5984631189999999,boa-.home.none.Desktop.Java.babygenius2.out.production.babygenius2.ai2019.group18.Bidder-.home.none.Desktop.Java.babygenius2.out.production.babygenius2.ai2019.group18.Acceptor_a_b-negotiator.boaframework.opponentmodel.AgentLGModel-negotiator.boaframework.omstrategy.NTFTstrategy@2,(Offer  bid:Bid[Food: Chips and Nuts, Drinks: Beer Only, Location: Ballroom, Invitations: Custom, Handmade, Music: MP3, Cleanup: Special Equiment])
101,2,0.6021309833333334,SimpleAgent@3,(Offer  bid:Bid[Food: Chips and Nuts, Drinks: Handmade Cocktails, Location: Party Tent, Invitations: Photo, Music: MP3, Cleanup: Hired Help])
102,1,0.60384688,boa-.home.none.Desktop.Java.babygenius2.out.production.babygenius2.ai2019.group18.Bidder-.home.none.Desktop.Java.babygenius2.out.production.babygenius2.ai2019.group18.Acceptor_a_b-negotiator.boaframework.opponentmodel.AgentLGModel-negotiator.boaframework.omstrategy.NTFTstrategy@2,(Offer  bid:Bid[Food: Catering, Drinks: Beer Only, Location: Ballroom, Invitations: Custom, Handmade, Music: DJ, Cleanup: Specialized Materials])
102,2,0.6096812623333333,SimpleAgent@3,(Offer  bid:Bid[Food: Chips and Nuts, Drinks: Handmade Cocktails, Location: Ballroom, Invitations: Photo, Music: Band, Cleanup: Hired Help])
103,1,0.6114166423333333,boa-.home.none.Desktop.Java.babygenius2.out.production.babygenius2.ai2019.group18.Bidder-.home.none.Desktop.Java.babygenius2.out.production.babygenius2.ai2019.group18.Acceptor_a_b-negotiator.boaframework.opponentmodel.AgentLGModel-negotiator.boaframework.omstrategy.NTFTstrategy@2,(Offer  bid:Bid[Food: Chips and Nuts, Drinks: Handmade Cocktails, Location: Party Room, Invitations: Photo, Music: DJ, Cleanup: Hired Help])
103,2,0.617301921,SimpleAgent@3,(Offer  bid:Bid[Food: Chips and Nuts, Drinks: Non-Alcoholic, Location: Your Dorm, Invitations: Plain, Music: MP3, Cleanup: Special Equiment])
104,1,0.6221185243333334,boa-.home.none.Desktop.Java.babygenius2.out.production.babygenius2.ai2019.group18.Bidder-.home.none.Desktop.Java.babygenius2.out.production.babygenius2.ai2019.group18.Acceptor_a_b-negotiator.boaframework.opponentmodel.AgentLGModel-negotiator.boaframework.omstrategy.NTFTstrategy@2,(Offer  bid:Bid[Food: Handmade Food, Drinks: Handmade Cocktails, Location: Party Room, Invitations: Photo, Music: DJ, Cleanup: Specialized Materials])
104,2,0.629282594,SimpleAgent@3,(Offer  bid:Bid[Food: Chips and Nuts, Drinks: Non-Alcoholic, Location: Ballroom, Invitations: Custom, Handmade, Music: MP3, Cleanup: Special Equiment])
105,1,0.6320147093333334,boa-.home.none.Desktop.Java.babygenius2.out.production.babygenius2.ai2019.group18.Bidder-.home.none.Desktop.Java.babygenius2.out.production.babygenius2.ai2019.group18.Acceptor_a_b-negotiator.boaframework.opponentmodel.AgentLGModel-negotiator.boaframework.omstrategy.NTFTstrategy@2,(Offer  bid:Bid[Food: Finger-Food, Drinks: Beer Only, Location: Party Room, Invitations: Plain, Music: DJ, Cleanup: Hired Help])
105,2,0.639277803,SimpleAgent@3,(Offer  bid:Bid[Food: Chips and Nuts, Drinks: Handmade Cocktails, Location: Party Tent, Invitations: Plain, Music: MP3, Cleanup: Special Equiment])
106,1,0.641151634,boa-.home.none.Desktop.Java.babygenius2.out.production.babygenius2.ai2019.group18.Bidder-.home.none.Desktop.Java.babygenius2.out.production.babygenius2.ai2019.group18.Acceptor_a_b-negotiator.boaframework.opponentmodel.AgentLGModel-negotiator.boaframework.omstrategy.NTFTstrategy@2,(Offer  bid:Bid[Food: Chips and Nuts, Drinks: Handmade Cocktails, Location: Party Room, Invitations: Custom, Handmade, Music: DJ, Cleanup: Hired Help])
106,2,0.6478353116666666,SimpleAgent@3,(Offer  bid:Bid[Food: Chips and Nuts, Drinks: Handmade Cocktails, Location: Party Tent, Invitations: Photo, Music: Band, Cleanup: Special Equiment])
107,1,0.6525001446666666,boa-.home.none.Desktop.Java.babygenius2.out.production.babygenius2.ai2019.group18.Bidder-.home.none.Desktop.Java.babygenius2.out.production.babygenius2.ai2019.group18.Acceptor_a_b-negotiator.boaframework.opponentmodel.AgentLGModel-negotiator.boaframework.omstrategy.NTFTstrategy@2,(Offer  bid:Bid[Food: Catering, Drinks: Beer Only, Location: Party Room, Invitations: Custom, Handmade, Music: DJ, Cleanup: Water and Soap])
107,2,0.6605260516666667,SimpleAgent@3,(Offer  bid:Bid[Food: Chips and Nuts, Drinks: Non-Alcoholic, Location: Ballroom, Invitations: Custom, Handmade, Music: Band, Cleanup: Specialized Materials])
108,1,0.6635595466666667,boa-.home.none.Desktop.Java.babygenius2.out.production.babygenius2.ai2019.group18.Bidder-.home.none.Desktop.Java.babygenius2.out.production.babygenius2.ai2019.group18.Acceptor_a_b-negotiator.boaframework.opponentmodel.AgentLGModel-negotiator.boaframework.omstrategy.NTFTstrategy@2,(Offer  bid:Bid[Food: Chips and Nuts, Drinks: Handmade Cocktails, Location: Party Room, Invitations: Custom, Handmade, Music: MP3, Cleanup: Specialized Materials])
108,2,0.6721384106666667,SimpleAgent@3,(Offer  bid:Bid[Food: Chips and Nuts, Drinks: Non-Alcoholic, Location: Ballroom, Invitations: Custom, Printed, Music: DJ, Cleanup: Special Equiment])
109,1,0.6752133126666666,boa-.home.none.Desktop.Java.babygenius2.out.production.babygenius2.ai2019.group18.Bidder-.home.none.Desktop.Java.babygenius2.out.production.babygenius2.ai2019.group18.Acceptor_a_b-negotiator.boaframework.opponentmodel.AgentLGModel-negotiator.boaframework.omstrategy.NTFTstrategy@2,(Offer  bid:Bid[Food: Finger-Food, Drinks: Beer Only, Location: Party Room, Invitations: Custom, Printed, Music: DJ, Cleanup: Special Equiment])
109,2,0.6824437689999999,SimpleAgent@3,(Offer  bid:Bid[Food: Chips and Nuts, Drinks: Handmade Cocktails, Location: Party Tent, Invitations: Custom, Handmade, Music: Band, Cleanup: Special Equiment])
110,1,0.683097122,boa-.home.none.Desktop.Java.babygenius2.out.production.babygenius2.ai2019.group18.Bidder-.home.none.Desktop.Java.babygenius2.out.production.babygenius2.ai2019.group18.Acceptor_a_b-negotiator.boaframework.opponentmodel.AgentLGModel-negotiator.boaframework.omstrategy.NTFTstrategy@2,(Offer  bid:Bid[Food: Handmade Food, Drinks: Beer Only, Location: Ballroom, Invitations: Custom, Handmade, Music: DJ, Cleanup: Water and Soap])
110,2,0.6883267573333334,SimpleAgent@3,(Offer  bid:Bid[Food: Finger-Food, Drinks: Non-Alcoholic, Location: Ballroom, Invitations: Plain, Music: MP3, Cleanup: Hired Help])
111,1,0.6912857603333333,boa-.home.none.Desktop.Java.babygenius2.out.production.babygenius2.ai2019.group18.Bidder-.home.none.Desktop.Java.babygenius2.out.production.babygenius2.ai2019.group18.Acceptor_a_b-negotiator.boaframework.opponentmodel.AgentLGModel-negotiator.boaframework.omstrategy.NTFTstrategy@2,(Offer  bid:Bid[Food: Chips and Nuts, Drinks: Beer Only, Location: Party Tent, Invitations: Photo, Music: DJ, Cleanup: Water and Soap])
111,2,0.6953351256666668,SimpleAgent@3,(Offer  bid:Bid[Food: Finger-Food, Drinks: Non-Alcoholic, Location: Party Tent, Invitations: Photo, Music: MP3, Cleanup: Hired Help])
112,1,0.6958323856666667,boa-.home.none.Desktop.Java.babygenius2.out.production.babygenius2.ai2019.group18.Bidder-.home.none.Desktop.Java.babygenius2.out.production.babygenius2.ai2019.group18.Acceptor_a_b-negotiator.boaframework.opponentmodel.AgentLGModel-negotiator.boaframework.omstrategy.NTFTstrategy@2,(Offer  bid:Bid[Food: Finger-Food, Drinks: Beer Only, Location: Party Room, Invitations: Photo, Music: MP3, Cleanup: Specialized Materials])
112,2,0.7008404396666666,SimpleAgent@3,(Offer  bid:Bid[Food: Chips and Nuts, Drinks: Non-Alcoholic, Location: Ballroom, Invitations: Photo, Music: MP3, Cleanup: Specialized Materials])
113,1,0.7065314833333334,boa-.home.none.Desktop.Java.babygenius2.out.production.babygenius2.ai2019.group18.Bidder-.home.none.Desktop.Java.babygenius2.out.production.babygenius2.ai2019.group18.Acceptor_a_b-negotiator.boaframework.opponentmodel.AgentLGModel-negotiator.boaframework.omstrategy.NTFTstrategy@2,(Offer  bid:Bid[Food: Chips and Nuts, Drinks: Beer Only, Location: Ballroom, Invitations: Custom, Printed, Music: MP3, Cleanup: Specialized Materials])
113,2,0.7114446216666667,SimpleAgent@3,(Offer  bid:Bid[Food: Finger-Food, Drinks: Non-Alcoholic, Location: Party Tent, Invitations: Plain, Music: MP3, Cleanup: Special Equiment])
114,1,0.7128156503333334,boa-.home.none.Desktop.Java.babygenius2.out.production.babygenius2.ai2019.group18.Bidder-.home.none.Desktop.Java.babygenius2.out.production.babygenius2.ai2019.group18.Acceptor_a_b-negotiator.boaframework.opponentmodel.AgentLGModel-negotiator.boaframework.omstrategy.NTFTstrategy@2,(Offer  bid:Bid[Food: Finger-Food, Drinks: Beer Only, Location: Party Room, Invitations: Plain, Music: DJ, Cleanup: Water and Soap])
114,2,0.7164420233333333,SimpleAgent@3,(Offer  bid:Bid[Food: Chips and Nuts, Drinks: Non-Alcoholic, Location: Ballroom, Invitations: Plain, Music: MP3, Cleanup: Water and Soap])
115,1,0.719059912,boa-.home.none.Desktop.Java.babygenius2.out.production.babygenius2.ai2019.group18.Bidder-.home.none.Desktop.Java.babygenius2.out.production.babygenius2.ai2019.group18.Acceptor_a_b-negotiator.boaframework.opponentmodel.AgentLGModel-negotiator.boaframework.omstrategy.NTFTstrategy@2,(Offer  bid:Bid[Food: Finger-Food, Drinks: Beer Only, Location: Party Room, Invitations: Plain, Music: DJ, Cleanup: Water and Soap])
115,2,0.7236638493333333,SimpleAgent@3,(Offer  bid:Bid[Food: Finger-Food, Drinks: Non-Alcoholic, Location: Ballroom, Invitations: Plain, Music: Band, Cleanup: Special Equiment])
116,1,0.7246922386666667,boa-.home.none.Desktop.Java.babygenius2.out.production.babygenius2.ai2019.group18.Bidder-.home.none.Desktop.Java.babygenius2.out.production.babygenius2.ai2019.group18.Acceptor_a_b-negotiator.boaframework.opponentmodel.AgentLGModel-negotiator.boaframework.omstrategy.NTFTstrategy@2,(Offer  bid:Bid[Food: Chips and Nuts, Drinks: Beer Only, Location: Party Tent, Invitations: Plain, Music: DJ, Cleanup: Specialized Materials])
116,2,0.729661545,SimpleAgent@3,(Offer  bid:Bid[Food: Chips and Nuts, Drinks: Handmade Cocktails, Location: Your Dorm, Invitations: Plain, Music: MP3, Cleanup: Hired Help])
117,1,0.7304521476666667,boa-.home.none.Desktop.Java.babygenius2.out.production.babygenius2.ai2019.group18.Bidder-.home.none.Desktop.Java.babygenius2.out.production.babygenius2.ai2019.group18.Acceptor_a_b-negotiator.boaframework.opponentmodel.AgentLGModel-negotiator.boaframework.omstrategy.NTFTstrategy@2,(Offer  bid:Bid[Food: Chips and Nuts, Drinks: Handmade Cocktails, Location: Party Room, Invitations: Custom, Handmade, Music: DJ, Cleanup: Water and Soap])
117,2,0.7351491796666667,SimpleAgent@3,(Offer  bid:Bid[Food: Chips and Nuts, Drinks: Non-Alcoholic, Location: Party Tent, Invitations: Photo, Music: MP3, Cleanup: Water and Soap])
118,1,0.7369849626666666,boa-.home.none.Desktop.Java.babygenius2.out.production.babygenius2.ai2019.group18.Bidder-.home.none.Desktop.Java.babygenius2.out.production.babygenius2.ai2019.group18.Acceptor_a_b-negotiator.boaframework.opponentmodel.AgentLGModel-negotiator.boaframework.omstrategy.NTFTstrategy@2,(Offer  bid:Bid[Food: Chips and Nuts, Drinks: Beer Only, Location: Ballroom, Invitations: Photo, Music: MP3, Cleanup: Specialized Materials])
118,2,0.7442956573333334,SimpleAgent@3,(Offer  bid:Bid[Food: Chips and Nuts, Drinks: Non-Alcoholic, Location: Party Tent, Invitations: Photo, Music: DJ, Cleanup: Specialized Materials])
119,1,0.7487546836666666,boa-.home.none.Desktop.Java.babygenius2.out.production.babygenius2.ai2019.group18.Bidder-.home.none.Desktop.Java.babygenius2.out.production.babygenius2.ai2019.group18.Acceptor_a_b-negotiator.boaframework.opponentmodel.AgentLGModel-negotiator.boaframework.omstrategy.NTFTstrategy@2,(Offer  bid:Bid[Food: Finger-Food, Drinks: Beer Only, Location: Party Room, Invitations: Custom, Printed, Music: DJ, Cleanup: Water and Soap])
119,2,0.7539744226666666,SimpleAgent@3,(Offer  bid:Bid[Food: Chips and Nuts, Drinks: Non-Alcoholic, Location: Your Dorm, Invitations: Custom, Handmade, Music: MP3, Cleanup: Special Equiment])
120,1,0.7558886113333334,boa-.home.none.Desktop.Java.babygenius2.out.production.babygenius2.ai2019.group18.Bidder-.home.none.Desktop.Java.babygenius2.out.production.babygenius2.ai2019.group18.Acceptor_a_b-negotiator.boaframework.opponentmodel.AgentLGModel-negotiator.boaframework.omstrategy.NTFTstrategy@2,(Offer  bid:Bid[Food: Chips and Nuts, Drinks: Beer Only, Location: Ballroom, Invitations: Custom, Handmade, Music: DJ, Cleanup: Hired Help])
120,2,0.762748906,SimpleAgent@3,(Offer  bid:Bid[Food: Chips and Nuts, Drinks: Handmade Cocktails, Location: Ballroom, Invitations: Plain, Music: Band, Cleanup: Specialized Materials])
121,1,0.7632865283333333,boa-.home.none.Desktop.Java.babygenius2.out.production.babygenius2.ai2019.group18.Bidder-.home.none.Desktop.Java.babygenius2.out.production.babygenius2.ai2019.group18.Acceptor_a_b-negotiator.boaframework.opponentmodel.AgentLGModel-negotiator.boaframework.omstrategy.NTFTstrategy@2,(Offer  bid:Bid[Food: Chips and Nuts, Drinks: Beer Only, Location: Ballroom, Invitations: Custom, Printed, Music: DJ, Cleanup: Water and Soap])
121,2,0.7698360546666666,SimpleAgent@3,(Offer  bid:Bid[Food: Chips and Nuts, Drinks: Handmade Cocktails, Location: Party Tent, Invitations: Photo, Music: Band, Cleanup: Specialized Materials])
122,1,0.7703124386666667,boa-.home.none.Desktop.Java.babygenius2.out.production.babygenius2.ai2019.group18.Bidder-.home.none.Desktop.Java.babygenius2.out.production.babygenius2.ai2019.group18.Acceptor_a_b-negotiator.boaframework.opponentmodel.AgentLGModel-negotiator.boaframework.omstrategy.NTFTstrategy@2,(Offer  bid:Bid[Food: Chips and Nuts, Drinks: Beer Only, Location: Party Room, Invitations: Plain, Music: DJ, Cleanup: Hired Help])
122,2,0.7764194626666666,SimpleAgent@3,(Offer  bid:Bid[Food: Chips and Nuts, Drinks: Non-Alcoholic, Location: Party Tent, Invitations: Custom, Handmade, Music: MP3, Cleanup: Water and Soap])
123,1,0.778589962,boa-.home.none.Desktop.Java.babygenius2.out.production.babygenius2.ai2019.group18.Bidder-.home.none.Desktop.Java.babygenius2.out.production.babygenius2.ai2019.group18.Acceptor_a_b-negotiator.boaframework.opponentmodel.AgentLGModel-negotiator.boaframework.omstrategy.NTFTstrategy@2,(Offer  bid:Bid[Food: Finger-Food, Drinks: Beer Only, Location: Party Room, Invitations: Custom, Handmade, Music: DJ, Cleanup: Water and Soap])
123,2,0.7850666366666667,SimpleAgent@3,(Offer  bid:Bid[Food: Finger-Food, Drinks: Non-Alcoholic, Location: Party Tent, Invitations: Custom, Printed, Music: MP3, Cleanup: Special Equiment])
124,1,0.7891869146666667,boa-.home.none.Desktop.Java.babygenius2.out.production.babygenius2.ai2019.group18.Bidder-.home.none.Desktop.Java.babygenius2.out.production.babygenius2.ai2019.group18.Acceptor_a_b-negotiator.boaframework.opponentmodel.AgentLGModel-negotiator.boaframework.omstrategy.NTFTstrategy@2,(Offer  bid:Bid[Food: Chips and Nuts, Drinks: Beer Only, Location: Ballroom, Invitations: Photo, Music: DJ, Cleanup: Water and Soap])
124,2,0.8020624789999999,SimpleAgent@3,(Offer  bid:Bid[Food: Chips and Nuts, Drinks: Handmade Cocktails, Location: Party Tent, Invitations: Custom, Handmade, Music: Band, Cleanup: Specialized Materials])
125,1,0.807289185,boa-.home.none.Desktop.Java.babygenius2.out.production.babygenius2.ai2019.group18.Bidder-.home.none.Desktop.Java.babygenius2.out.production.babygenius2.ai2019.group18.Acceptor_a_b-negotiator.boaframework.opponentmodel.AgentLGModel-negotiator.boaframework.omstrategy.NTFTstrategy@2,(Offer  bid:Bid[Food: Chips and Nuts, Drinks: Beer Only, Location: Ballroom, Invitations: Custom, Handmade, Music: DJ, Cleanup: Water and Soap])
125,2,0.8158965553333334,SimpleAgent@3,(Offer  bid:Bid[Food: Finger-Food, Drinks: Non-Alcoholic, Location: Party Tent, Invitations: Photo, Music: DJ, Cleanup: Hired Help])
126,1,0.8177028093333334,boa-.home.none.Desktop.Java.babygenius2.out.production.babygenius2.ai2019.group18.Bidder-.home.none.Desktop.Java.babygenius2.out.production.babygenius2.ai2019.group18.Acceptor_a_b-negotiator.boaframework.opponentmodel.AgentLGModel-negotiator.boaframework.omstrategy.NTFTstrategy@2,(Offer  bid:Bid[Food: Handmade Food, Drinks: Beer Only, Location: Party Room, Invitations: Photo, Music: DJ, Cleanup: Specialized Materials])
126,2,0.8245974023333332,SimpleAgent@3,(Offer  bid:Bid[Food: Handmade Food, Drinks: Non-Alcoholic, Location: Party Tent, Invitations: Plain, Music: Band, Cleanup: Special Equiment])
127,1,0.8298653476666668,boa-.home.none.Desktop.Java.babygenius2.out.production.babygenius2.ai2019.group18.Bidder-.home.none.Desktop.Java.babygenius2.out.production.babygenius2.ai2019.group18.Acceptor_a_b-negotiator.boaframework.opponentmodel.AgentLGModel-negotiator.boaframework.omstrategy.NTFTstrategy@2,(Offer  bid:Bid[Food: Chips and Nuts, Drinks: Beer Only, Location: Party Room, Invitations: Plain, Music: DJ, Cleanup: Water and Soap])
127,2,0.8408816653333333,SimpleAgent@3,(Offer  bid:Bid[Food: Finger-Food, Drinks: Non-Alcoholic, Location: Ballroom, Invitations: Plain, Music: Band, Cleanup: Specialized Materials])
128,1,0.8419312156666666,boa-.home.none.Desktop.Java.babygenius2.out.production.babygenius2.ai2019.group18.Bidder-.home.none.Desktop.Java.babygenius2.out.production.babygenius2.ai2019.group18.Acceptor_a_b-negotiator.boaframework.opponentmodel.AgentLGModel-negotiator.boaframework.omstrategy.NTFTstrategy@2,(Offer  bid:Bid[Food: Chips and Nuts, Drinks: Beer Only, Location: Party Room, Invitations: Custom, Handmade, Music: MP3, Cleanup: Specialized Materials])
128,2,0.849598179,SimpleAgent@3,(Offer  bid:Bid[Food: Handmade Food, Drinks: Non-Alcoholic, Location: Party Tent, Invitations: Custom, Printed, Music: MP3, Cleanup: Hired Help])
129,1,0.8501950486666666,boa-.home.none.Desktop.Java.babygenius2.out.production.babygenius2.ai2019.group18.Bidder-.home.none.Desktop.Java.babygenius2.out.production.babygenius2.ai2019.group18.Acceptor_a_b-negotiator.boaframework.opponentmodel.AgentLGModel-negotiator.boaframework.omstrategy.NTFTstrategy@2,(Offer  bid:Bid[Food: Finger-Food, Drinks: Beer Only, Location: Party Room, Invitations: Custom, Handmade, Music: DJ, Cleanup: Specialized Materials])
129,2,0.8585432053333334,SimpleAgent@3,(Offer  bid:Bid[Food: Finger-Food, Drinks: Non-Alcoholic, Location: Ballroom, Invitations: Custom, Handmade, Music: Band, Cleanup: Special Equiment])
130,1,0.85996357,boa-.home.none.Desktop.Java.babygenius2.out.production.babygenius2.ai2019.group18.Bidder-.home.none.Desktop.Java.babygenius2.out.production.babygenius2.ai2019.group18.Acceptor_a_b-negotiator.boaframework.opponentmodel.AgentLGModel-negotiator.boaframework.omstrategy.NTFTstrategy@2,(Offer  bid:Bid[Food: Chips and Nuts, Drinks: Beer Only, Location: Ballroom, Invitations: Photo, Music: DJ, Cleanup: Specialized Materials])
130,2,0.8680127026666667,SimpleAgent@3,(Offer  bid:Bid[Food: Chips and Nuts, Drinks: Non-Alcoholic, Location: Your Dorm, Invitations: Photo, Music: Band, Cleanup: Water and Soap])
131,1,0.8702224123333333,boa-.home.none.Desktop.Java.babygenius2.out.production.babygenius2.ai2019.group18.Bidder-.home.none.Desktop.Java.babygenius2.out.production.babygenius2.ai2019.group18.Acceptor_a_b-negotiator.boaframework.opponentmodel.AgentLGModel-negotiator.boaframework.omstrategy.NTFTstrategy@2,(Offer  bid:Bid[Food: Chips and Nuts, Drinks: Beer Only, Location: Ballroom, Invitations: Custom, Handmade, Music: DJ, Cleanup: Specialized Materials])
131,2,0.878668568,SimpleAgent@3,(Offer  bid:Bid[Food: Finger-Food, Drinks: Non-Alcoholic, Location: Your Dorm, Invitations: Custom, Printed, Music: MP3, Cleanup: Hired Help])
132,1,0.8797576203333333,boa-.home.none.Desktop.Java.babygenius2.out.production.babygenius2.ai2019.group18.Bidder-.home.none.Desktop.Java.babygenius2.out.production.babygenius2.ai2019.group18.Acceptor_a_b-negotiator.boaframework.opponentmodel.AgentLGModel-negotiator.boaframework.omstrategy.NTFTstrategy@2,(Offer  bid:Bid[Food: Chips and Nuts, Drinks: Beer Only, Location: Party Room, Invitations: Plain, Music: DJ, Cleanup: Specialized Materials])
132,2,0.887741923,SimpleAgent@3,(Offer  bid:Bid[Food: Chips and Nuts, Drinks: Catering, Location: Party Tent, Invitations: Plain, Music: Band, Cleanup: Hired Help])
133,1,0.8914868236666668,boa-.home.none.Desktop.Java.babygenius2.out.production.babygenius2.ai2019.group18.Bidder-.home.none.Desktop.Java.babygenius2.out.production.babygenius2.ai2019.group18.Acceptor_a_b-negotiator.boaframework.opponentmodel.AgentLGModel-negotiator.boaframework.omstrategy.NTFTstrategy@2,(Offer  bid:Bid[Food: Chips and Nuts, Drinks: Beer Only, Location: Party Room, Invitations: Plain, Music: DJ, Cleanup: Specialized Materials])
133,2,0.8974053193333332,SimpleAgent@3,(Offer  bid:Bid[Food: Chips and Nuts, Drinks: Non-Alcoholic, Location: Your Dorm, Invitations: Custom, Handmade, Music: Band, Cleanup: Water and Soap])
134,1,0.899260362,boa-.home.none.Desktop.Java.babygenius2.out.production.babygenius2.ai2019.group18.Bidder-.home.none.Desktop.Java.babygenius2.out.production.babygenius2.ai2019.group18.Acceptor_a_b-negotiator.boaframework.opponentmodel.AgentLGModel-negotiator.boaframework.omstrategy.NTFTstrategy@2,(Offer  bid:Bid[Food: Chips and Nuts, Drinks: Beer Only, Location: Party Room, Invitations: Plain, Music: DJ, Cleanup: Specialized Materials])
134,2,0.9079736500000001,SimpleAgent@3,(Offer  bid:Bid[Food: Chips and Nuts, Drinks: Handmade Cocktails, Location: Party Tent, Invitations: Custom, Printed, Music: MP3, Cleanup: Water and Soap])
135,1,0.9083809143333333,boa-.home.none.Desktop.Java.babygenius2.out.production.babygenius2.ai2019.group18.Bidder-.home.none.Desktop.Java.babygenius2.out.production.babygenius2.ai2019.group18.Acceptor_a_b-negotiator.boaframework.opponentmodel.AgentLGModel-negotiator.boaframework.omstrategy.NTFTstrategy@2,(Offer  bid:Bid[Food: Chips and Nuts, Drinks: Beer Only, Location: Party Room, Invitations: Plain, Music: DJ, Cleanup: Specialized Materials])
135,2,0.9136376983333333,SimpleAgent@3,(Offer  bid:Bid[Food: Chips and Nuts, Drinks: Handmade Cocktails, Location: Ballroom, Invitations: Custom, Printed, Music: Band, Cleanup: Water and Soap])
136,1,0.9146026286666666,boa-.home.none.Desktop.Java.babygenius2.out.production.babygenius2.ai2019.group18.Bidder-.home.none.Desktop.Java.babygenius2.out.production.babygenius2.ai2019.group18.Acceptor_a_b-negotiator.boaframework.opponentmodel.AgentLGModel-negotiator.boaframework.omstrategy.NTFTstrategy@2,(Offer  bid:Bid[Food: Chips and Nuts, Drinks: Beer Only, Location: Party Room, Invitations: Plain, Music: DJ, Cleanup: Specialized Materials])
136,2,0.921973946,SimpleAgent@3,(Offer  bid:Bid[Food: Finger-Food, Drinks: Handmade Cocktails, Location: Ballroom, Invitations: Photo, Music: Band, Cleanup: Hired Help])
137,1,0.925391556,boa-.home.none.Desktop.Java.babygenius2.out.production.babygenius2.ai2019.group18.Bidder-.home.none.Desktop.Java.babygenius2.out.production.babygenius2.ai2019.group18.Acceptor_a_b-negotiator.boaframework.opponentmodel.AgentLGModel-negotiator.boaframework.omstrategy.NTFTstrategy@2,(Offer  bid:Bid[Food: Handmade Food, Drinks: Beer Only, Location: Party Room, Invitations: Custom, Handmade, Music: DJ, Cleanup: Water and Soap])
137,2,0.9291917733333334,SimpleAgent@3,(Offer  bid:Bid[Food: Chips and Nuts, Drinks: Handmade Cocktails, Location: Your Dorm, Invitations: Photo, Music: MP3, Cleanup: Special Equiment])
138,1,0.9295626456666667,boa-.home.none.Desktop.Java.babygenius2.out.production.babygenius2.ai2019.group18.Bidder-.home.none.Desktop.Java.babygenius2.out.production.babygenius2.ai2019.group18.Acceptor_a_b-negotiator.boaframework.opponentmodel.AgentLGModel-negotiator.boaframework.omstrategy.NTFTstrategy@2,(Offer  bid:Bid[Food: Handmade Food, Drinks: Beer Only, Location: Party Room, Invitations: Custom, Handmade, Music: DJ, Cleanup: Water and Soap])
138,2,0.9370267396666666,SimpleAgent@3,(Offer  bid:Bid[Food: Chips and Nuts, Drinks: Catering, Location: Party Tent, Invitations: Custom, Printed, Music: Band, Cleanup: Hired Help])
139,1,0.9398067683333333,boa-.home.none.Desktop.Java.babygenius2.out.production.babygenius2.ai2019.group18.Bidder-.home.none.Desktop.Java.babygenius2.out.production.babygenius2.ai2019.group18.Acceptor_a_b-negotiator.boaframework.opponentmodel.AgentLGModel-negotiator.boaframework.omstrategy.NTFTstrategy@2,(Offer  bid:Bid[Food: Chips and Nuts, Drinks: Beer Only, Location: Party Room, Invitations: Plain, Music: MP3, Cleanup: Specialized Materials])
139,2,0.9454031020000001,SimpleAgent@3,(Offer  bid:Bid[Food: Chips and Nuts, Drinks: Handmade Cocktails, Location: Party Tent, Invitations: Photo, Music: DJ, Cleanup: Specialized Materials])
140,1,0.9457626186666667,boa-.home.none.Desktop.Java.babygenius2.out.production.babygenius2.ai2019.group18.Bidder-.home.none.Desktop.Java.babygenius2.out.production.babygenius2.ai2019.group18.Acceptor_a_b-negotiator.boaframework.opponentmodel.AgentLGModel-negotiator.boaframework.omstrategy.NTFTstrategy@2,(Accept  bid:Bid[Food: Chips and Nuts, Drinks: Handmade Cocktails, Location: Party Tent, Invitations: Photo, Music: DJ, Cleanup: Specialized Materials])
agreement,Bid[Food: Chips and Nuts, Drinks: Handmade Cocktails, Location: Party Tent, Invitations: Photo, Music: DJ, Cleanup: Specialized Materials],0.7991666666666667,0.8425751823345944
